Date,CROX,NFLX,TIF,TSLA
2011-12-16,14.83,9.9743,62.61,28
2011-12-19,14.55,9.5929,62.43,27.75
2011-12-20,15.06,10.2,63.14,27.9
2011-12-21,15.16,10.1386,64.65,27.57
2011-12-22,15.16,10.5486,64.57,27.77
2011-12-23,15.875,10.3743,65.18,27.9
2011-12-27,15.86,10.0851,67.45,28.57
2011-12-28,14.93,9.8857,66.5,28.51
2011-12-29,14.99,9.9,67.36,28.73
2011-12-30,14.77,9.8986,66.26,28.56
2012-01-03,15.33,10.32,66.48,28.08
2012-01-04,15.95,11.4929,66.79,27.71
2012-01-05,15.82,11.3286,66.68,27.12
2012-01-06,15.27,12.3271,65.75,26.91
2012-01-09,15.3,14.0257,66.94,27.25
2012-01-10,15.95,13.69,59.94,27.62
2012-01-11,18.56,13.1643,59.98,28.23
2012-01-12,18.4,13.1643,59.79,28.25
2012-01-13,18.31,13.4829,59.1,22.79
2012-01-17,18.07,13.5314,59.65,26.6
2012-01-18,18.79,14.0771,60.54,26.81
2012-01-19,18.42,14.78,63.08,26.76
2012-01-20,18.26,14.32,61.88,26.6
2012-01-23,18.51,13.4229,63.01,26.77
2012-01-24,19.16,13.2386,63.28,27.42
2012-01-25,19.39,13.5771,63.73,27.97
2012-01-26,19.13,16.5729,63.56,28.94
2012-01-27,19.31,17.6843,63.49,29.33
2012-01-30,19.11,17.9186,63.3,29.57
2012-01-31,19.02,17.1714,63.8,29.07
2012-02-01,19.78,17.5671,63.94,29.58
2012-02-02,19.79,17.7143,63.7,30.25
2012-02-03,20.42,18.0614,65.21,31.15
2012-02-06,20.3,18.4643,65.16,31.8
2012-02-07,20.34,18.2686,64.64,31.6
2012-02-08,20.49,17.7143,64.01,31.93
2012-02-09,20.44,17.8343,64.18,32.58
2012-02-10,19.98,17.7043,63.88,31.1
2012-02-13,20,16.9,64.36,31.49
2012-02-14,20.2,17.5814,65.57,33.17
2012-02-15,20.67,17.4371,65.41,33.6
2012-02-16,21.32,17.4157,65.79,34.18
2012-02-17,20.71,17.4071,66.28,34.97
2012-02-21,20,16.7714,65.59,34.5
2012-02-22,20.19,16.0571,64.49,34.22
2012-02-23,20.42,16.1414,64.48,34.53
2012-02-24,19.41,15.9529,64.68,33.75
2012-02-27,19.43,15.63,64.89,33.62
2012-02-28,19.7,16.1886,65.24,33.81
2012-02-29,19.64,15.8186,65.01,33.41
2012-03-01,20.36,16.1071,66.53,34.41
2012-03-02,20.05,16.4429,67.47,34.04
2012-03-05,19.63,15.83,68.03,33.77
2012-03-06,19.03,15.3043,67.1,33.11
2012-03-07,19.03,15.0271,67.84,33.12
2012-03-08,18.39,15.4386,68.9,33.07
2012-03-09,18.66,15.59,68.77,34.74
2012-03-12,18.94,15.1714,69.14,36.01
2012-03-13,19.48,15.1929,70.44,36.09
2012-03-14,19.46,15.0357,70.19,35.29
2012-03-15,19.63,15.7386,68.95,35
2012-03-16,19.07,15.7086,68.03,35.32
2012-03-19,19.33,16.3329,68.68,34.98
2012-03-20,19.49,16.4314,73.27,34.96
2012-03-21,20.17,17.1571,72.91,35.15
2012-03-22,20.73,16.9614,72.48,34.4
2012-03-23,20.33,17.17,71.45,34.08
2012-03-26,21.24,17.4271,72.33,37.4
2012-03-27,21.27,17.2386,71.69,37.94
2012-03-28,20.89,16.9721,70.07,37.85
2012-03-29,20.61,16.4357,69.05,37.33
2012-03-30,20.92,16.4343,69.13,37.24
2012-04-02,21.15,16.2814,70.02,36.58
2012-04-03,21.16,16.1371,67.98,38.01
2012-04-04,20.64,15.7514,68.19,35
2012-04-05,20.52,15.7857,67.58,34.48
2012-04-09,20.39,15.24,67.2,33.15
2012-04-10,19.36,14.56,65.82,32.46
2012-04-11,20,14.2586,66.76,33.09
2012-04-12,20.77,14.8943,67.37,33.44
2012-04-13,21.38,14.8814,66.4,33.59
2012-04-16,20.99,14.45,66.66,32.25
2012-04-17,22.04,15.2886,66.96,32.24
2012-04-18,22.04,15.28,66.43,32.66
2012-04-19,22.07,15.2986,66.15,33.16
2012-04-20,22,15.1586,67.15,33.16
2012-04-23,22.33,14.5486,67,31.94
2012-04-24,21.49,12.5257,65.93,31.82
2012-04-25,22.04,12.3357,68.41,32.91
2012-04-26,20.26,12.1529,68.74,33.49
2012-04-27,19.93,11.9629,69.47,33.34
2012-04-30,20.2,11.4486,68.46,33.13
2012-05-01,20.13,11.6229,68.73,33.78
2012-05-02,20.34,11.7471,68.53,33.94
2012-05-03,19.5,10.8529,67.97,32.46
2012-05-04,18.43,10.4493,65.95,31.83
2012-05-07,18.05,10.4929,65.71,32.47
2012-05-08,17.67,10.3986,64.75,30.19
2012-05-09,17.7,10.6214,64.14,30.06
2012-05-10,16.86,10.3457,63.63,32.96
2012-05-11,17.59,11.0543,63.04,32.25
2012-05-14,17.06,10.9943,61.59,30.06
2012-05-15,16.87,11.0686,61.25,29.43
2012-05-16,16.73,10.6,62.15,29.18
2012-05-17,15.77,10.2814,60.07,28.57
2012-05-18,15.49,9.9943,60.64,27.56
2012-05-21,16.42,10.2486,61.14,28.77
2012-05-22,16.75,9.6729,61.44,30.79
2012-05-23,16.86,10.2729,61.8,31.02
2012-05-24,17.09,10.0386,57.59,30.32
2012-05-25,17.44,10.0314,56.32,29.81
2012-05-29,18.04,9.92,57.37,31.69
2012-05-30,17.22,9.62,56.59,30.41
2012-05-31,16.91,9.0629,55.39,29.5
2012-06-01,16.17,8.9929,54.34,28.15
2012-06-04,16.1,9.2857,54.7,27.88
2012-06-05,16.48,9.2614,55.47,27.91
2012-06-06,16.74,9.4114,56.59,29.22
2012-06-07,16.25,9.2343,55.87,28.93
2012-06-08,16.43,9.3771,55.28,30.08
2012-06-11,15.99,9,54.32,29.12
2012-06-12,15.8,9.0029,55.53,29.66
2012-06-13,15.57,8.9757,54.06,29.77
2012-06-14,15.79,8.9514,53.54,29.39
2012-06-15,16.235,9.3986,53.59,29.91
2012-06-18,16.09,9.5329,53.75,31.84
2012-06-19,16.14,9.9757,53.7,32.09
2012-06-20,16.16,9.737,54.09,33.78
2012-06-21,15.67,9.4057,52.6,32.19
2012-06-22,16.12,9.6943,52.26,33.785
2012-06-25,15.85,9.5757,51.32,33.11
2012-06-26,15.65,9.5429,51.65,31.61
2012-06-27,15.76,9.4986,50.29,31.96
2012-06-28,15.64,9.6229,51.07,31.41
2012-06-29,16.15,9.7836,52.95,31.29
2012-07-02,15.54,9.6929,52.89,30.4
2012-07-03,15.86,10.2914,53.7,30.66
2012-07-05,16.97,11.6743,54.06,31.23
2012-07-06,16,11.6986,53.45,30.99
2012-07-09,14.86,11.8557,52.4,31.49
2012-07-10,14.28,11.4614,51.83,31.27
2012-07-11,14.14,11.6629,51.61,31.51
2012-07-12,14.68,12.1386,50.85,32.7
2012-07-13,14.785,12.1286,52.16,34.25
2012-07-16,14.51,11.8543,52.55,35.96
2012-07-17,14.14,11.6829,52.87,33.35
2012-07-18,14.92,11.61,55.25,32.15
2012-07-19,15.31,11.8743,57.18,32.27
2012-07-20,15.12,11.6886,55.97,31.79
2012-07-23,14.24,11.42,55.16,30.66
2012-07-24,13.915,11.4843,54.71,29.84
2012-07-25,13.89,8.6114,54.66,28.95
2012-07-26,16.235,8.1443,56.04,28.13
2012-07-27,15.79,8.4171,57.43,29.51
2012-07-30,15.58,8.25,57.21,27.35
2012-07-31,15.35,8.1214,54.93,27.42
2012-08-01,15.61,7.7857,54.77,26.25
2012-08-02,15.61,7.6957,53.58,26.1
2012-08-03,16,7.7014,54.74,27.27
2012-08-06,16.54,8.1129,56.33,28.27
2012-08-07,16.93,8.2714,58,30.25
2012-08-08,16.69,8.2571,58.3,29.09
2012-08-09,16.74,8.2729,58.62,29.41
2012-08-10,16.49,8.5571,58.48,29.94
2012-08-13,16.5,8.5586,58.31,31.17
2012-08-14,16.52,8.8229,59.18,29.42
2012-08-15,16.64,9.0371,59.41,29.4
2012-08-16,16.79,9.1871,59.63,30.3
2012-08-17,17.27,9.0986,60.66,30.01
2012-08-20,16.8,9.1771,59.45,29.51
2012-08-21,16.98,9.3714,59.02,29.11
2012-08-22,17.08,9.3429,58.62,29.95
2012-08-23,16.31,9.15,58.46,30.73
2012-08-24,17.65,9.0229,58.5,29.5
2012-08-27,17.45,8.9129,62.71,28.32
2012-08-28,17.62,8.9929,62.5,28.69
2012-08-29,17.68,9.0629,62.75,28.41
2012-08-30,17.22,8.64,61.72,28.41
2012-08-31,17.49,8.5314,61.95,28.52
2012-09-04,17.94,7.99,60.49,28.14
2012-09-05,17.93,7.8514,59.31,27.94
2012-09-06,18.27,8.0929,60.74,28.55
2012-09-07,18.24,8.0943,62.64,29.35
2012-09-10,18.22,7.9886,63.04,27.37
2012-09-11,18.24,8.1657,62.26,27.8
2012-09-12,17.88,8.1729,62.55,28.28
2012-09-13,17.51,8.2857,63.98,29.48
2012-09-14,17.84,8.6457,65.6,30.39
2012-09-17,17.6,8.1457,65.3,32.54
2012-09-18,17.77,8.0086,64.08,31.34
2012-09-19,17.65,8.1486,64.56,31.05
2012-09-20,17.32,8.3914,64.3,30.9
2012-09-21,17.185,8.2557,63.51,30.02
2012-09-24,16.84,8.0557,63.34,30.66
2012-09-25,16.28,7.6857,61.59,27.66
2012-09-26,16.3,7.8757,61.18,27.54
2012-09-27,16.37,7.9357,61.9,28.49
2012-09-28,16.21,7.7771,61.88,29.28
2012-10-01,16.12,8.0071,61.5,29.16
2012-10-02,16.4,8.0657,62.08,29.8
2012-10-03,16.07,8.94,62.35,29.3
2012-10-04,16.42,9.5243,62.97,29.4
2012-10-05,16.49,9.5086,63.01,28.89
2012-10-08,16.15,10.5029,62.97,29.25
2012-10-09,15.73,9.3612,62.11,28.37
2012-10-10,15.7,9.3571,61.51,28.4
2012-10-11,16.11,9.4257,62.59,28.32
2012-10-12,15.69,9.1905,62.21,27.64
2012-10-15,15.67,9.2514,61.8,27.33
2012-10-16,16,9.4357,64.06,28.06
2012-10-17,16.21,9.7886,64.92,28.8191
2012-10-18,16.61,9.6229,64.87,28.04
2012-10-19,16.38,9.2829,64.2,27.74
2012-10-22,16.56,9.6971,64.01,27.85
2012-10-23,16.41,9.7457,63.08,28.39
2012-10-24,16.19,8.5882,63.05,27.42
2012-10-25,12.76,8.7871,63.04,27.52
2012-10-26,12.73,9.94,62.57,27.38
2012-10-31,12.6,11.3199,63.22,28.1314
2012-11-01,12.79,11.0986,66.27,29.2454
2012-11-02,12.96,10.9857,65.25,28.9182
2012-11-05,13.1106,11.1771,65.31,31.5
2012-11-06,12.63,10.91,65.36,31.15
2012-11-07,12.39,11.0971,62.92,31.54
2012-11-08,12.12,10.8529,61.09,31.31
2012-11-09,12.14,11.1286,60.99,30.32
2012-11-12,12.41,11.17,61.41,31.07
2012-11-13,12.61,11.3726,61.24,31.6143
2012-11-14,12.2,11.3973,60.31,31.38
2012-11-15,12.19,11.6401,59.37,30.82
2012-11-16,12.03,11.5571,59.54,31.8399
2012-11-19,12.59,11.623,60.93,32.92
2012-11-20,12.33,11.7714,60.84,33
2012-11-21,12.4,11.8571,61.23,32.47
2012-11-23,12.43,11.85,62.07,32.13
2012-11-26,12.35,11.7229,63.34,32.27
2012-11-27,13.49,11.8686,62.63,32.15
2012-11-28,13.64,11.7471,63.73,33.23
2012-11-29,13.65,11.6257,59.8,33.69
2012-11-30,13.35,11.6729,58.98,33.82
2012-12-03,13.22,10.8571,58.16,34.62
2012-12-04,13.28,12.3784,58.88,33.9
2012-12-05,13.3,11.91,58.32,33.71
2012-12-06,13.64,12.31,58.62,33.9
2012-12-07,13.65,12.2829,58.42,34.17
2012-12-10,13.79,12.1143,57.48,34.57
2012-12-11,14.33,12.2977,57.85,35.28
2012-12-12,14.08,12.9614,57.39,35.26
2012-12-13,13.9,13.2229,57.52,33.61
2012-12-14,13.54,13.3286,58.09,33.81
2012-12-17,13.77,13.5286,58.83,34.4
2012-12-18,14.2499,13.663,59.87,34.59
2012-12-19,13.9,13.4255,58.99,34.61
2012-12-20,13.69,13.3571,58.51,34.43
2012-12-21,13.75,13.0486,58.4,34
2012-12-24,13.66,12.89,58.32,34.28
2012-12-26,13.7,12.95,56.68,33.59
2012-12-27,13.74,12.9286,57.03,33.69
2012-12-28,13.87,12.7614,56.44,33.22
2012-12-31,14.39,13.2271,57.34,33.87
2013-01-02,14.8,13.1443,58.93,35.36
2013-01-03,15.08,13.7986,60.28,34.77
2013-01-04,15.35,13.7114,61.18,34.4
2013-01-07,15.36,14.1715,61.1,34.34
2013-01-08,15.23,13.8795,62.6,33.68
2013-01-09,15.25,13.7014,63.26,33.64
2013-01-10,15.36,14,60.4,33.53
2013-01-11,15.53,14.47,60.28,32.91
2013-01-14,15.52,14.7779,61.25,33.26
2013-01-15,15.71,14.5271,63.24,33.9
2013-01-16,14.19,13.9257,63.76,34.1
2013-01-17,14.57,13.9571,63.66,34.38
2013-01-18,14.27,14.1671,63.8,34.52
2013-01-22,14.52,13.9729,63.14,35.19
2013-01-23,14.45,14.7514,62.73,36
2013-01-24,14.59,20.98,62.31,36.99
2013-01-25,14.85,24.2229,64.17,36.98
2013-01-28,15.23,23.1586,63.84,38.03
2013-01-29,15.18,24.16,64.55,37.95
2013-01-30,14.77,23.9571,65.18,37.52
2013-01-31,14.86,23.6057,65.75,37.51
2013-02-01,15,23.5429,64.77,38.3
2013-02-04,14.79,24.9629,62.17,37.74
2013-02-05,14.91,24.9124,63.72,38.13
2013-02-06,15.08,26.3443,63.19,39.17
2013-02-07,15,25.9946,62.7,39.48
2013-02-08,15.13,25.8529,62.89,39.24
2013-02-11,15.21,25.4129,63.1,38.42
2013-02-12,15.28,25.4214,63.6,37.89
2013-02-13,15.08,26.6099,63.45,38.45
2013-02-14,14.891,26.7714,63.7,38.3
2013-02-15,14.96,27.0731,64.78,37.04
2013-02-19,14.7,28.0643,65.65,39.28
2013-02-20,14.61,26.7314,64.4,38.54
2013-02-21,14.9,26.7357,64.28,35.16
2013-02-22,15.43,25.6943,64.38,36.11
2013-02-25,15.3,25.6171,64.01,34.38
2013-02-26,15.1,26.2986,66.01,34.43
2013-02-27,15.26,26.3314,66.66,35.1
2013-02-28,15.15,26.8686,67.16,34.83
2013-03-01,15.14,27.0529,69.04,34.65
2013-03-04,15.03,25.8871,70.48,35.58
2013-03-05,14.93,25.9614,70.17,36.65
2013-03-06,15.37,26.1343,70.06,37.69
2013-03-07,15.79,25.9371,70.88,38.23
2013-03-08,15.87,26.3857,70.25,38.47
2013-03-11,15.65,25.7786,69.11,39.1
2013-03-12,15.67,26.0157,68.46,39.12
2013-03-13,16.01,27.48,68.84,38.98
2013-03-14,16.23,26.91,69.09,36.85
2013-03-15,16.06,26.4071,69.42,35.29
2013-03-18,15.81,26.5129,68.83,35.15
2013-03-19,15.36,25.91,68.5,35.08
2013-03-20,15.46,26.15,69.59,35.95
2013-03-21,15.35,25.9986,67.91,36.01
2013-03-22,15.3,25.9,69.23,36.62
2013-03-25,14.98,25.8271,68.23,37.53
2013-03-26,14.92,27.23,68.41,37.86
2013-03-27,14.89,27.1771,68.42,38.16
2013-03-28,14.82,27.04,69.54,37.89
2013-04-01,14.81,26.0614,70.24,43.93
2013-04-02,14.74,25.2414,72,44.34
2013-04-03,14.38,24.2486,70.81,41.1
2013-04-04,15.03,23.8129,70.87,42.01
2013-04-05,15.31,23.5229,70.61,41.37
2013-04-08,15.51,23.2943,70.91,41.83
2013-04-09,15.06,24.1943,71.01,40.5
2013-04-10,15.18,23.7243,72.33,41.86
2013-04-11,15.91,24.7157,73.38,43.59
2013-04-12,15.86,24.7429,72.67,43.75
2013-04-15,15.07,25.2143,70.31,43.3
2013-04-16,15.03,25.1214,71.52,45.59
2013-04-17,14.97,24.1943,70.36,45.45
2013-04-18,14.95,23.4029,69.47,46.97
2013-04-19,15.27,23.3386,70.11,47.83
2013-04-22,15.36,24.91,71.06,50.19
2013-04-23,15.54,30.9986,71.81,51.01
2013-04-24,15.83,30.96,72.29,50.43
2013-04-25,16.34,30.5357,72.96,52
2013-04-26,15.93,30.7929,72.93,51.2
2013-04-29,15.98,30.7161,73.06,54.94
2013-04-30,16.02,30.8671,73.68,53.99
2013-05-01,15.82,30.4157,73.57,53.28
2013-05-02,15.9,30.6414,74.39,54.11
2013-05-03,16.17,30.4929,75.31,54.55
2013-05-06,16.1,30.0986,75.55,59.5
2013-05-07,16.1,29.4643,75.45,55.51
2013-05-08,16.59,29.8014,76.06,55.7865
2013-05-09,16.68,30.9157,75.81,69.4
2013-05-10,16.95,31.0991,76.5,76.764
2013-05-13,16.73,32.7684,76.59,87.8
2013-05-14,17.44,33.4243,76.68,83.24
2013-05-15,17.18,34.7714,76.58,84.842
2013-05-16,16.93,33.8614,76.49,92.248
2013-05-17,17.13,34.1429,78,91.5
2013-05-20,17.08,34.2214,77.91,89.94
2013-05-21,17.38,33.87,78.38,87.59
2013-05-22,17.07,32.6514,77.32,87.24
2013-05-23,16.82,32.3114,76.19,92.73
2013-05-24,16.72,32.6771,76.21,97.08
2013-05-28,17.3,30.5986,79.22,110.334
2013-05-29,17.42,30.7629,78.32,104.629
2013-05-30,17.86,31.8086,78.18,104.95
2013-05-31,17.64,32.3214,77.78,97.76
2013-06-03,17.43,31.71,78.94,92.59
2013-06-04,17.37,32.1871,78.84,94.84
2013-06-05,16.74,31.9229,77.83,95.37
2013-06-06,17.02,31.1057,77.9,97.35
2013-06-07,17.12,31.46,79.3,102.04
2013-06-10,17.15,31.5614,78.67,100.05
2013-06-11,16.48,30.6371,77.07,94.47
2013-06-12,16.37,29.6629,76.4,97.73
2013-06-13,16.56,30.77,75.34,98.18
2013-06-14,16.46,30.57,75.48,100.3
2013-06-17,16.35,32.7471,75.76,102.2
2013-06-18,16.34,32.69,76.59,103.39
2013-06-19,16.17,33.1871,75.07,104.68
2013-06-20,15.85,31.9314,72.11,100.65
2013-06-21,15.79,30.9857,72.51,99.55
2013-06-24,15.46,30.8,71.31,101.49
2013-06-25,15.57,30.4143,72.13,102.4
2013-06-26,15.69,30.3,72.48,105.72
2013-06-27,16.13,30.71,72.57,109.25
2013-06-28,16.5,30.1557,72.84,107.36
2013-07-01,16.755,32.04,72.78,117.179
2013-07-02,16.82,31.6371,72.5,117.82
2013-07-03,16.84,31.5586,72.56,115.24
2013-07-05,17.06,32.1571,73.44,120.09
2013-07-08,17.17,33.3,74.92,121.61
2013-07-09,17.23,35.3403,75.53,123.45
2013-07-10,17.24,34.8314,75.9,122.27
2013-07-11,17.37,34.8814,77.09,125.61
2013-07-12,17.49,36.7516,77.02,129.9
2013-07-15,16.71,36.8543,79.78,127.26
2013-07-16,16.69,37.2114,78.28,109.05
2013-07-17,16.7,38.2743,78.23,120.25
2013-07-18,17.04,38.0586,78.81,119.03
2013-07-19,16.75,37.7966,78.82,119.68
2013-07-22,16.87,37.4229,78.99,122.43
2013-07-23,17.31,35.7514,78.41,122.74
2013-07-24,16.98,34.4714,78.46,121.7
2013-07-25,13.55,35.2486,79.63,124.07
2013-07-26,13.73,35.1871,80.03,129.39
2013-07-29,13.36,34.9943,78.66,134.62
2013-07-30,13.6,34.8229,79.65,131.74
2013-07-31,13.67,34.9263,79.51,134.28
2013-08-01,13.92,35.5886,81.11,135.55
2013-08-02,14.07,35.1686,81.47,138
2013-08-05,14.3,36.2629,81.16,144.68
2013-08-06,14.18,36.5571,81.46,142.15
2013-08-07,14.01,35.6014,80.65,134.23
2013-08-08,13.23,35.7714,81.36,153.48
2013-08-09,13.51,36.1071,81.36,153
2013-08-12,13.41,36.6571,81.46,147.38
2013-08-13,13.47,37.0271,82.28,145.43
2013-08-14,13.29,37.4014,81.6,139.36
2013-08-15,13.21,36.2014,80.3,139.67
2013-08-16,13.19,36.9814,79.62,142
2013-08-19,13.18,37.1114,79.83,144.9
2013-08-20,13.34,39.0414,81.19,149.58
2013-08-21,13.75,38.6243,80.57,147.86
2013-08-22,14.01,38.5357,81.5,157.1
2013-08-23,13.86,39.7657,82,161.839
2013-08-26,13.77,40.3886,81.67,164.22
2013-08-27,13.44,39.4343,80.82,167.01
2013-08-28,13.52,40.48,77.25,166.45
2013-08-29,13.69,41.1214,77.07,166.06
2013-08-30,13.46,40.5586,77.11,169
2013-09-03,13.49,41.2857,76.54,168.94
2013-09-04,13.77,41.7757,78.47,170.622
2013-09-05,13.73,42.1586,77.91,169.93
2013-09-06,13.62,41.6486,77.03,166.97
2013-09-09,13.61,42.0214,77.83,160.7
2013-09-10,13.31,44.7229,78.57,166.37
2013-09-11,13.52,44.0429,78.87,163.52
2013-09-12,13.27,43.058,79.02,164.93
2013-09-13,13.46,43.6643,78.95,165.54
2013-09-16,13.51,43.1657,78.96,166.58
2013-09-17,13.52,42.7929,79.86,166.23
2013-09-18,13.68,43.8457,80.29,166.218
2013-09-19,13.84,43.6426,80.13,177.92
2013-09-20,13.89,44.8329,79.4,183.39
2013-09-23,13.64,43.1486,78.53,181.11
2013-09-24,13.65,43.7843,79.12,182.33
2013-09-25,13.65,43.8771,77.47,185.238
2013-09-26,13.61,44.7871,77.21,188.64
2013-09-27,13.57,44.6286,76.89,190.9
2013-09-30,13.6,44.1729,76.62,193.37
2013-10-01,13.66,46.3743,76.86,193
2013-10-02,13.57,47.2471,76.34,180.95
2013-10-03,13.53,45.96,76.56,173.31
2013-10-04,13.62,46.7514,77.61,180.98
2013-10-07,13.41,45.4514,75.91,183.07
2013-10-08,13.27,43.1886,74.76,174.73
2013-10-09,13.25,41.2043,73.91,168.78
2013-10-10,13.36,43.4277,75.38,172.93
2013-10-11,13.47,42.9783,76.57,178.7
2013-10-14,13.76,46.3371,76.46,179.72
2013-10-15,13.33,45.9557,75.44,183.94
2013-10-16,13.421,46.1254,76.98,183.56
2013-10-17,13.5,47.1571,77.53,182.802
2013-10-18,13.54,47.6429,78.14,183.4
2013-10-21,13.64,50.7129,78.79,172.6
2013-10-22,13.86,46.0749,79.05,171.54
2013-10-23,13.71,47.1771,78.42,164.5
2013-10-24,13.67,47.3171,78.87,173.15
2013-10-25,13.68,46.8616,79.32,169.66
2013-10-28,13.03,44.8571,79.5,162.86
2013-10-29,13.04,46.7571,79.79,164.47
2013-10-30,13.035,45.4486,79.7,159.22
2013-10-31,12.17,46.0686,79.17,159.94
2013-11-01,12.38,47.0379,79.01,162.17
2013-11-04,12.45,48.2286,79.38,175.2
2013-11-05,12.48,48.7857,80.19,176.81
2013-11-06,12.22,47.9471,79.56,151.16
2013-11-07,12.29,46.6943,78.24,139.772
2013-11-08,12.66,47.8429,79.65,137.95
2013-11-11,12.73,48.2729,81.4,144.698
2013-11-12,12.65,47.6757,81.73,137.8
2013-11-13,13.885,47.8977,82.64,138.7
2013-11-14,13.62,48.9386,82.24,137.6
2013-11-15,13.58,49.9657,82.74,135.45
2013-11-18,13.37,48.8243,82.49,121.58
2013-11-19,13.3,48.1843,82.26,126.09
2013-11-20,13.4,48.5029,80.59,121.11
2013-11-21,13.36,49.7857,81.5,122.1
2013-11-22,13.34,49.6929,81.08,121.38
2013-11-25,13.31,50.0343,80.99,120.84
2013-11-26,13.54,50.7429,88.02,120.5
2013-11-27,13.84,51.7843,88.16,126.94
2013-11-29,13.8,52.2571,89.14,127.28
2013-12-02,13.56,51.9886,88.04,124.17
2013-12-03,13.51,51.8486,88.42,144.7
2013-12-04,13.48,50.8957,88.58,138.95
2013-12-05,13.26,51.1514,89.7,140.48
2013-12-06,13.13,50.6343,89.7,137.36
2013-12-09,13.06,50.81,90.33,141.6
2013-12-10,12.99,51.8714,90.09,142.19
2013-12-11,12.78,51.9971,89.1,139.65
2013-12-12,12.71,53.3329,89.2,147.47
2013-12-13,12.83,52.71,89.31,147.654
2013-12-16,12.93,52.33,90.85,147.94
2013-12-17,12.97,53.5529,90.32,152.46
2013-12-18,13.03,53.7486,91.47,147.98
2013-12-19,12.82,53.82,90.43,140.72
2013-12-20,13.19,53.6671,90.62,143.24
2013-12-23,13.26,54.3686,90.5,143.55
2013-12-24,13.26,54.0557,91.03,151.41
2013-12-26,13.3,53.8471,90.97,155.5
2013-12-27,13.33,52.5,90.87,151.12
2013-12-30,16.14,52.4271,92.09,152.44
2013-12-31,15.92,52.5957,92.78,150.429
2014-01-02,16.49,51.8314,92.55,150.1
2014-01-03,16.4,51.8714,92.28,149.56
2014-01-06,16.1,51.3671,91.64,147
2014-01-07,15.86,48.5,92.15,149.36
2014-01-08,15.71,48.7129,91.7,151.28
2014-01-09,15.64,48.15,92.01,147.53
2014-01-10,15.54,47.4486,90.36,145.7199
2014-01-13,15.21,48.1157,87.44,139.34
2014-01-14,15.25,48.28,88.25,161.27
2014-01-15,15.27,47.1971,88.44,164.13
2014-01-16,15.06,47.3829,87.76,170.97
2014-01-17,15.01,47.1486,86.71,170.01
2014-01-21,15.17,46.9586,86.36,176.68
2014-01-22,15.29,47.6757,87.19,178.56
2014-01-23,15.05,55.5314,85.83,181.5
2014-01-24,14.85,55.1543,83.13,174.6
2014-01-27,14.81,54.4614,82.49,169.62
2014-01-28,15.29,58.11,84.06,178.38
2014-01-29,14.96,57.2029,82.64,175.23
2014-01-30,15.24,57.81,83.68,182.84
2014-01-31,15.35,58.4757,83.19,181.41
2014-02-03,14.88,57.7686,80.88,177.11
2014-02-04,14.91,57.9871,82.4,178.73
2014-02-05,14.79,57.7743,84.97,174.42
2014-02-06,14.97,58.2729,86.26,178.38
2014-02-07,15.17,61.4257,87.15,186.53
2014-02-10,15.25,61.4914,87.03,196.56
2014-02-11,15.26,61.9986,87.21,196.62
2014-02-12,15.45,61.2757,87.11,195.32
2014-02-13,15.73,62.3643,88.53,199.63
2014-02-14,15.68,62.2157,88.16,198.23
2014-02-18,15.21,62.4071,88.6,203.7
2014-02-19,15.05,61.1757,88.39,193.64
2014-02-20,15.81,62.1357,89.44,209.97
2014-02-21,15.49,61.7471,89.28,209.6
2014-02-24,15.55,63.8571,90.5,217.65
2014-02-25,15.22,64.7186,90.77,248
2014-02-26,15.23,64.1129,91.87,253
2014-02-27,15.12,64.6043,93.1,252.54
2014-02-28,15.23,63.6614,93.25,244.81
2014-03-03,15.09,63.6557,92.14,250.56
2014-03-04,15.3,64.9971,93.34,254.84
2014-03-05,15.47,64.7857,93.06,252.66
2014-03-06,15.21,64.3586,93.28,252.94
2014-03-07,15.29,64.0529,93.81,246.21
2014-03-10,15.24,62.85,93.47,238.84
2014-03-11,15.08,62.4971,92.46,234.41
2014-03-12,14.95,62.3686,92.49,241.49
2014-03-13,14.99,61.4371,92.24,237.79
2014-03-14,14.83,60.6414,91.9,230.97
2014-03-17,14.88,60.3886,92.31,233.98
2014-03-18,15.49,60.0357,92.67,240.04
2014-03-19,15.4,60.0129,92.79,235.84
2014-03-20,15.45,60.61,91.17,234.91
2014-03-21,15.4,57.9986,90.73,228.89
2014-03-24,15.31,54.1286,87.23,220.17
2014-03-25,15.16,52.9771,86.49,220.44
2014-03-26,15.07,53.1829,85.37,212.96
2014-03-27,15.44,52.0257,84.98,207.32
2014-03-28,15.55,51.2671,85.05,212.37
2014-03-31,15.6,50.29,86.15,208.45
2014-04-01,15.54,52.0986,87.94,216.97
2014-04-02,15.63,51.84,88.8,230.29
2014-04-03,15.22,50.67,88.62,225.4
2014-04-04,15.04,48.1871,87.34,212.225
2014-04-07,14.67,48.2857,85.45,207.52
2014-04-08,14.71,49.8414,86.41,215.46
2014-04-09,14.79,50.4329,87.68,216.93
2014-04-10,15.09,47.8186,86.32,204.19
2014-04-11,14.45,46.6729,84.54,203.78
2014-04-14,14.36,47.3686,84.82,198.09
2014-04-15,14.45,46.61,86.03,193.91
2014-04-16,14.55,47.3443,86.94,199.11
2014-04-17,14.51,49.3914,86.65,198.12
2014-04-21,14.72,49.7843,86.63,204.38
2014-04-22,14.78,53.2714,88.14,218.64
2014-04-23,14.99,50.5,87.9,207.99
2014-04-24,15.03,49.1529,88.37,207.86
2014-04-25,15.04,46.0114,87.11,199.85
2014-04-28,14.81,44.8871,85.45,198.51
2014-04-29,15.3,45.6957,87.34,206.92
2014-04-30,15.13,46.0057,87.49,207.89
2014-05-01,15.55,48.0741,88.12,207.73
2014-05-02,15.17,48.6643,88.41,210.91
2014-05-05,15.01,49.1971,87.8,216.61
2014-05-06,14.6,46.5986,86.73,207.28
2014-05-07,14.48,45.7914,86.71,201.35
2014-05-08,14.42,45.9514,88.9,178.59
2014-05-09,14.7,46.9357,89.36,182.26
2014-05-12,15.06,49.35,89.63,184.67
2014-05-13,14.85,49.5914,89.7,190.16
2014-05-14,14.8,50.2686,89.31,190.62
2014-05-15,15.07,49.17,88.17,188.59
2014-05-16,15.18,49.9829,90.48,191.56
2014-05-19,15.095,52.0714,90.75,196.09
2014-05-20,14.71,53.0957,88.23,195.3
2014-05-21,14.75,55.8,96.3,199.45
2014-05-22,14.81,55.9714,96.55,204.88
2014-05-23,14.93,57.4786,96.59,207.3
2014-05-27,15.26,56.9729,97.92,211.56
2014-05-28,14.97,57.32,97.78,210.24
2014-05-29,15.03,59.3143,99.13,210.24
2014-05-30,14.93,59.69,99.41,207.77
2014-06-02,14.89,60.2943,99.15,204.7
2014-06-03,14.83,59.6529,99.25,204.94
2014-06-04,14.95,60.4586,99.98,203.99
2014-06-05,15.03,61.1929,99.68,206.9
2014-06-06,15.35,61.4471,100.22,208.171
2014-06-09,15.29,60.4414,100.41,205.31
2014-06-10,15.04,61.1843,100.58,202.3
2014-06-11,14.88,61.4286,99.88,204.47
2014-06-12,14.7,60.35,98.95,203.52
2014-06-13,14.56,61.1014,99.03,206.42
2014-06-16,14.56,61.4657,99.33,224.61
2014-06-17,14.95,63.3786,99.81,231.67
2014-06-18,15.03,64.0971,99.9,227.12
2014-06-19,15,63.0557,99.28,227.79
2014-06-20,14.84,62.8829,99.65,229.59
2014-06-23,14.69,62.7886,99.87,237.22
2014-06-24,14.49,62.3371,99.32,232.5
2014-06-25,14.75,63.4586,99.83,236.891
2014-06-26,14.6,62.8014,99.98,235.6
2014-06-27,14.82,63.1543,100.51,239.06
2014-06-30,15.03,62.9429,100.25,240.06
2014-07-01,15.07,67.5857,101.98,239.72
2014-07-02,15.05,66.6771,102.05,229.425
2014-07-03,15.18,67.4786,102.83,229.25
2014-07-07,15,65.8029,102.18,222.66
2014-07-08,14.88,63.5786,101.01,219.07
2014-07-09,15.1,63.2857,102.57,223.06
2014-07-10,14.85,62.65,101.5,219.46
2014-07-11,14.67,62.8514,101.24,218.13
2014-07-14,14.73,64.6543,101.03,226.7
2014-07-15,14.57,64.1557,101.11,219.58
2014-07-16,14.74,63.4914,100.14,217.16
2014-07-17,14.5,62.7657,98.55,215.4
2014-07-18,14.86,63.4529,99.68,220.0201
2014-07-21,14.84,64.5643,99.09,220.54
2014-07-22,16.68,61.5843,99.52,219.58
2014-07-23,16.56,61.1286,99.28,222.49
2014-07-24,16.32,60.7686,100.25,223.54
2014-07-25,16.26,60.2657,99.33,223.57
2014-07-28,16.29,60.6657,98.25,224.82
2014-07-29,16.31,60.6114,97.6,225.01
2014-07-30,16.26,62.0514,99.67,228.92
2014-07-31,15.87,60.3886,97.61,223.3
2014-08-01,15.87,60.7714,96.82,233.27
2014-08-04,15.93,60.3857,97.49,238.52
2014-08-05,16.11,60.4071,97.15,238.49
2014-08-06,16.15,61.4714,97.79,248.9301
2014-08-07,15.62,64.2386,97.06,252.39
2014-08-08,15.78,63.6929,99,248.13
2014-08-11,15.97,64.5057,99.32,259.32
2014-08-12,15.6,63.7729,99.55,259.96
2014-08-13,15.65,64.5043,96.98,260.31
2014-08-14,15.59,64.41,96.99,261.38
2014-08-15,15.55,65.5843,96.51,262.01
2014-08-18,15.7,66.5714,98.11,259.94
2014-08-19,15.68,66.8786,99.09,256.76
2014-08-20,15.67,67.4557,99.47,255.71
2014-08-21,15.6,67.4357,99.22,254.34
2014-08-22,15.55,68.4557,100.54,256.78
2014-08-25,15.805,68.7043,100.23,262.55
2014-08-26,15.97,68.48,100.77,261.74
2014-08-27,15.65,67.8143,101.75,263.25
2014-08-28,15.47,67.8871,101.64,263.86
2014-08-29,15.45,68.2343,100.94,269.7
2014-09-02,15.51,68.0857,101.68,284.12
2014-09-03,15.3,68.1986,100.86,281.19
2014-09-04,15.38,67.5243,102.64,286.04
2014-09-05,15.25,67.9543,103.47,277.39
2014-09-08,15.24,68.4757,102.54,282.11
2014-09-09,15.05,68.43,101.6,278.48
2014-09-10,15.04,69.1986,101.09,281.1
2014-09-11,14.25,68.7943,101.18,280.31
2014-09-12,14.05,68.0786,101.15,279.2
2014-09-15,13.66,65.3929,100.71,253.86
2014-09-16,13.61,65.2729,101.41,260.74
2014-09-17,13.45,64.9329,100.23,261.38
2014-09-18,13.32,65.5729,99.99,263.82
2014-09-19,13.06,65.36,99.55,259.32
2014-09-22,12.89,63.2543,97.02,250.03
2014-09-23,12.84,63.4143,95.99,250.41
2014-09-24,12.65,64.3657,98.5,252.14
2014-09-25,12.44,63.3557,97.49,246.95
2014-09-26,12.49,64.1071,98.14,246.6
2014-09-29,12.75,64.2229,97.36,245.26
2014-09-30,12.58,64.4543,96.31,242.68
2014-10-01,12.41,62.6857,94.33,240.24
2014-10-02,12.59,64.2829,95.05,251.42
2014-10-03,12.59,65.6486,95.15,255.21
2014-10-06,12.4,66.2114,95.15,260.62
2014-10-07,12.11,65.1786,93.59,259.57
2014-10-08,12.37,66.6943,94.99,259.28
2014-10-09,11.99,65.9457,92.63,257.01
2014-10-10,11.8,64.5829,91.49,236.91
2014-10-13,11.68,62.6543,89.21,224.59
2014-10-14,11.78,64.16,88.86,227.06
2014-10-15,12.19,64.0843,87.77,229.7
2014-10-16,12.29,51.6714,90.72,226.35
2014-10-17,12.1,51.0129,88.84,227.48
2014-10-20,12.23,51.3171,91.03,230.47
2014-10-21,12.52,52.2843,93.21,235.34
2014-10-22,12.215,53.5214,93,231.1
2014-10-23,11.97,54.72,94.4,235.29
2014-10-24,12.03,55.0029,94.44,235.24
2014-10-27,12.15,54.2,94.43,221.67
2014-10-28,11.76,55.1743,94.74,242.77
2014-10-29,11.59,54.0143,94.76,238.1
2014-10-30,11.42,54.1443,95.26,238.66
2014-10-31,11.68,56.11,96.12,241.7
2014-11-03,11.54,55.4871,96.34,242.59
2014-11-04,11.49,54.6829,94.34,238.93
2014-11-05,12.22,54.34,95.72,230.97
2014-11-06,12.51,54.7571,98,241.22
2014-11-07,12.4,54.88,98.86,240.2
2014-11-10,12.57,55.3243,99.58,241.93
2014-11-11,12.59,54.65,99.94,251.08
2014-11-12,12.6,54.8371,102.89,249.1
2014-11-13,12.51,54.2014,103.31,251.7
2014-11-14,12.54,55.1486,102.39,258.68
2014-11-17,12.39,54.4486,101.78,253.98
2014-11-18,12.42,54.4329,102.02,257.7
2014-11-19,12.4,51.8714,102.69,247.74
2014-11-20,12.79,52.5914,104.28,248.71
2014-11-21,12.8,51.4686,103.91,242.78
2014-11-24,12.97,50.9243,105.01,246.72
2014-11-25,13.02,49.8557,107.6,248.09
2014-11-26,13.29,50.1657,106.21,248.44
2014-11-28,13.28,49.5129,107.92,244.52
2014-12-01,12.94,48.83,106.8,231.64
2014-12-02,13.03,50.33,107.4,231.43
2014-12-03,13,50.7314,107.19,229.3
2014-12-04,12.96,50.0857,107.33,228.28
2014-12-05,12.89,50.1314,107.46,223.71
2014-12-08,12.97,48.4971,106.3,214.36
2014-12-09,12.96,49.1114,106.21,216.89
2014-12-10,12.39,47.76,103.92,209.84
2014-12-11,12.16,47.8043,104.71,208.88
2014-12-12,12.13,47.7829,104.07,207
2014-12-15,12.16,46.72,104.13,204.04
2014-12-16,12.37,45.2057,101.83,197.81
2014-12-17,12.31,47.6643,104.19,205.82
2014-12-18,12.31,47.7743,103.62,218.26
2014-12-19,12.095,48.5886,103.57,219.29
2014-12-22,12.16,48.0971,103.9,222.6
2014-12-23,12.33,48.0614,106.99,220.97
2014-12-24,12.37,48.8714,107.27,222.26
2014-12-26,12.47,48.5786,107.57,227.82
2014-12-29,12.55,48.8471,108.67,225.71
2014-12-30,12.47,49.0329,107.42,222.23
2014-12-31,12.49,48.8014,106.86,222.41
2015-01-02,12.49,49.8486,105.5,219.31
2015-01-05,12.61,47.3114,103.75,210.09
2015-01-06,12.08,46.5014,102.17,211.28
2015-01-07,11.7,46.7429,105.18,210.95
2015-01-08,11.82,47.7793,105.14,210.615
2015-01-09,11.18,47.0414,103.45,206.66
2015-01-12,11.14,45.5471,89.01,202.21
2015-01-13,10.98,46.2557,86.3,204.25
2015-01-14,11.04,46.32,86.74,192.69
2015-01-15,10.8,46.2514,85.7,191.87
2015-01-16,10.945,48.1914,88.4,193.07
2015-01-20,10.85,49.8286,89.94,191.93
2015-01-21,10.74,58.4686,89.98,196.57
2015-01-22,10.77,61.2057,90.97,201.62
2015-01-23,10.77,62.4936,91.08,201.29
2015-01-26,10.61,63.7943,91.05,206.55
2015-01-27,10.6,64.8814,90.29,205.98
2015-01-28,10.74,63.2086,88.69,199.37
2015-01-29,10.77,63.4,89.11,205.2
2015-01-30,10.6,63.1143,86.64,203.6
2015-02-02,10.7,63.0093,87.12,210.94
2015-02-03,10.79,65.2743,90,218.36
2015-02-04,10.635,64.1014,88.42,218.55
2015-02-05,10.835,64.13,87.98,220.99
2015-02-06,10.76,63.48,86.62,217.36
2015-02-09,10.53,63.295,87.63,217.48
2015-02-10,10.45,64.85,89.67,216.29
2015-02-11,10.55,64.9843,87.69,212.8
2015-02-12,10.58,65.2471,88.1,202.88
2015-02-13,10.62,66.5857,89.05,203.77
2015-02-17,10.7,67.1371,89.35,204.35
2015-02-18,10.98,67.8657,89.3,204.46
2015-02-19,11.01,67.8,88.65,211.705
2015-02-20,10.75,68.3143,90.2,217.11
2015-02-23,10.48,67.4057,89.99,207.335
2015-02-24,10.46,67.84,89.52,204.11
2015-02-25,10.64,68.3329,89.76,203.76
2015-02-26,10.69,69.0043,88.7,207.19
2015-02-27,11.15,67.8443,88.22,203.34
2015-03-02,11.18,68.6071,90.6,197.325
2015-03-03,11.3,67.8157,88.94,199.56
2015-03-04,11.52,67.11,86.79,202.435
2015-03-05,11.45,66.8071,86.98,200.63
2015-03-06,11.38,64.8743,85.17,193.88
2015-03-09,11.44,63.6614,84.41,190.88
2015-03-10,11.2,62.1514,83.44,190.32
2015-03-11,11.51,62.8843,84.2,193.74
2015-03-12,11.93,64.0457,86.3,191.07
2015-03-13,11.87,62.6286,85.79,188.68
2015-03-16,11.67,60.2814,85.77,195.7
2015-03-17,11.68,59.7886,84.98,194.73
2015-03-18,11.805,60.4457,85.45,200.71
2015-03-19,11.93,60.7443,86.37,195.65
2015-03-20,12.08,61.185,82.93,198.08
2015-03-23,12.205,60.7143,87.74,199.63
2015-03-24,12.21,62.6114,88.05,201.72
2015-03-25,11.97,60.25,88.06,194.3
2015-03-26,11.42,59.7514,86.29,190.405
2015-03-27,11.62,59.2529,86.48,185
2015-03-30,11.7,60.3671,88.59,190.57
2015-03-31,11.81,59.5271,88.01,188.77
2015-04-01,11.93,59.0171,86.13,187.59
2015-04-02,11.98,59.1543,86.81,191
2015-04-06,12.12,60.33,88.46,203.1
2015-04-07,12.27,60.4943,88.02,203.25
2015-04-08,12.3,63.05,89.41,207.67
2015-04-09,12.38,62.7857,89.28,210.09
2015-04-10,12.43,64.9386,89.45,210.9
2015-04-13,12.41,67.8114,89.08,209.78
2015-04-14,12.32,68.3871,87.4,207.46
2015-04-15,12.3,67.9229,87.42,207.83
2015-04-16,12.47,80.2929,85.74,206.7
2015-04-17,12.15,81.65,84.59,206.79
2015-04-20,12.55,81.0557,84.87,205.27
2015-04-21,12.63,80.0629,84.15,209.41
2015-04-22,12.74,79.6686,85.1,219.44
2015-04-23,12.97,79.8657,86.51,218.6
2015-04-24,12.97,79.7707,87.12,218.425
2015-04-27,13.37,80.8686,85.97,231.55
2015-04-28,13.49,80.4371,86.42,230.48
2015-04-29,13.4,80.4071,86.94,232.45
2015-04-30,13.2,79.5,87.48,226.05
2015-05-01,12.93,79.5757,89.17,226.03
2015-05-04,13.49,79.2714,88.8,230.51
2015-05-05,13.35,80.7929,88.81,232.95
2015-05-06,13.11,80.0771,86.98,230.43
2015-05-07,13.19,80.7486,87.98,236.8
2015-05-08,14.02,82.0857,88.65,236.61
2015-05-11,14.27,84.2779,87.47,239.49
2015-05-12,14.34,83.3771,88.02,244.74
2015-05-13,14.54,82.8729,86.93,243.18
2015-05-14,15.29,83.8357,85.54,244.1
2015-05-15,15.79,87.6071,86.52,248.84
2015-05-18,15.85,88.2671,86.64,248.75
2015-05-19,15.87,88.0686,86.41,247.14
2015-05-20,15.88,88.79,86.41,244.35
2015-05-21,15.58,89.0029,86.9,245.62
2015-05-22,15.72,88.8386,86.91,247.73
2015-05-26,15.32,87.9929,85.53,247.455
2015-05-27,15.47,89.8571,94.54,247.43
2015-05-28,15.14,89.5071,94.63,251.45
2015-05-29,15.04,89.1514,93.73,250.8
2015-06-01,15.19,89.0029,93.78,249.45
2015-06-02,15.035,89.13,94.02,248.35
2015-06-03,15.31,88.8086,93.92,248.99
2015-06-04,15,89.3486,92.86,245.92
2015-06-05,15.05,90.46,92.87,249.14
2015-06-08,14.995,89.6043,92.19,256.29
2015-06-09,15.07,92.45,92.07,256
2015-06-10,15.47,95.8714,93.11,250.7
2015-06-11,15.34,95.0943,92.85,251.41
2015-06-12,15.22,94.4186,92.08,250.69
2015-06-15,15.36,93.4314,91.66,250.38
2015-06-16,15.49,95.2729,92.16,253.12
2015-06-17,15.17,94.2714,92.59,260.41
2015-06-18,15.26,94.7429,93.15,261.89
2015-06-19,14.99,93.8714,92.47,262.51
2015-06-22,15.19,96.4143,93.26,259.79
2015-06-23,15,97.3129,94.15,267.67
2015-06-24,14.73,96.9443,93.52,265.17
2015-06-25,14.93,94.8914,93.54,268.79
2015-06-26,14.96,93.0886,94.24,267.09
2015-06-29,14.74,92.2314,91.14,262.02
2015-06-30,14.71,93.8486,91.8,268.26
2015-07-01,14.66,93.6357,93.77,269.15
2015-07-02,14.6,94.0443,94.02,280.02
2015-07-06,14.59,94.5714,92.91,279.72
2015-07-07,14.72,94.0914,94.5,267.88
2015-07-08,14.3,93.5071,90.25,254.96
2015-07-09,14.44,95.7271,91.03,257.92
2015-07-10,14.59,97.2286,91.95,259.15
2015-07-13,15.11,101.0871,93.28,262.16
2015-07-14,15.12,100.3714,93.33,265.65
2015-07-15,15.03,98.13,93.68,263.14
2015-07-16,15.13,115.81,93.99,266.68
2015-07-17,14.68,114.77,92.88,274.66
2015-07-20,14.37,110.55,94,282.26
2015-07-21,14.46,112.51,93.9,266.77
2015-07-22,14.44,111.5,94.76,267.87
2015-07-23,14.24,110.1,95.24,267.2
2015-07-24,14.17,109.34,93.24,265.41
2015-07-27,13.59,106.43,90.82,253.01
2015-07-28,13.94,106.9,91.99,264.82
2015-07-29,14.13,107.08,94.38,263.82
2015-07-30,15.48,111.56,95,266.79
2015-07-31,15.73,114.31,95.7,266.15
2015-08-03,15.03,112.56,94.02,259.99
2015-08-04,14.97,121.15,94.79,266.28
2015-08-05,15.03,123.71,94.82,270.13
2015-08-06,14.92,126.45,93.26,246.13
2015-08-07,15.05,123.52,93.37,242.51
2015-08-10,15.36,123.03,95.61,241.14
2015-08-11,15.6,122.74,93.6,237.37
2015-08-12,15,120.51,89.75,238.17
2015-08-13,15.12,123.73,90.13,242.51
2015-08-14,15.03,123.39,90.33,243.15
2015-08-17,14.82,125.36,90.97,254.99
2015-08-18,14.66,124.05,91.55,260.72
2015-08-19,14.82,122.06,91.29,255.25
2015-08-20,14.37,112.49,88.99,242.18
2015-08-21,14.19,103.96,85.89,230.77
2015-08-24,13.36,96.88,82.99,218.87
2015-08-25,13.24,101.52,81.84,220.03
2015-08-26,13.995,110.13,85.08,224.84
2015-08-27,14.15,117.66,83.29,242.99
2015-08-28,14.52,117.63,83.61,248.48
2015-08-31,14.73,115.03,82.25,249.06
2015-09-01,14.08,105.79,79.94,238.63
2015-09-02,14.19,105.44,81.8,247.69
2015-09-03,14.15,101.06,81.38,245.57
2015-09-04,13.87,98.79,80.31,241.93
2015-09-08,13.97,94.95,81.87,248.17
2015-09-09,13.78,99.18,80.96,248.91
2015-09-10,13.79,99.48,80.2,248.48
2015-09-11,13.87,97.51,80.1,250.24
2015-09-14,14.02,95.69,79.6,253.19
2015-09-15,13.82,99.16,80.32,253.57
2015-09-16,14.71,104.08,81.44,262.25
2015-09-17,14.79,104.21,80.61,262.07
2015-09-18,14.4,102.62,79.35,260.62
2015-09-21,14.78,100.3,79.37,264.2
2015-09-22,15.17,98.47,78.71,260.94
2015-09-23,15.24,98.07,78.64,261.06
2015-09-24,14.74,103.76,77.91,263.12
2015-09-25,14.44,102.24,77.38,256.91
2015-09-28,13.71,99.47,74.88,248.43
2015-09-29,13.94,98.35,75.2,246.65
2015-09-30,12.925,103.26,77.22,248.4
2015-10-01,11.11,105.98,76.58,239.88
2015-10-02,11.35,106.11,77.9,247.57
2015-10-05,11.57,111.25,80.25,246.15
2015-10-06,11.455,108.33,79.86,241.46
2015-10-07,11.68,108.1,80.21,231.96
2015-10-08,11.93,114.93,81.67,226.72
2015-10-09,11.935,113.33,81.4,220.69
2015-10-12,11.76,113.45,80.54,215.58
2015-10-13,11.42,109.73,78.78,219.25
2015-10-14,11.27,110.23,78.81,216.88
2015-10-15,11.43,101.09,79.27,221.31
2015-10-16,11.38,98.99,79.03,227.01
2015-10-19,11.44,101.69,80.04,228.1
2015-10-20,11.16,98.99,79.9,213.03
2015-10-21,11.05,97.96,79.13,210.09
2015-10-22,11.155,97.32,79.25,211.72
2015-10-23,10.86,100.04,78.61,209.09
2015-10-26,10.66,103.04,78.89,215.26
2015-10-27,9.95,103.07,79.55,210.35
2015-10-28,10.38,105.8,81.21,212.96
2015-10-29,10.54,105.12,81.31,211.63
2015-10-30,10.8,108.38,82.44,206.93
2015-11-02,10.88,107.64,82.7,213.79
2015-11-03,10.93,109.74,83.4,208.35
2015-11-04,10.84,114.05,82.67,231.63
2015-11-05,10.37,113.5,83.99,231.77
2015-11-06,9.97,114.06,81.91,232.36
2015-11-09,10,109.86,80.22,225.33
2015-11-10,10.03,112.7,80.09,216.5
2015-11-11,9.67,112.86,77.39,219.08
2015-11-12,9.33,108.92,76.82,212.94
2015-11-13,9.38,103.65,74.47,207.19
2015-11-16,9.78,111.35,75.23,214.31
2015-11-17,9.61,117.1,74.13,214
2015-11-18,10.14,120.63,74.42,221.07
2015-11-19,10.21,120.22,74.24,221.8
2015-11-20,10.28,123.84,75.14,220.01
2015-11-23,10.61,125.03,76.55,217.75
2015-11-24,10.9,123.31,79.32,218.25
2015-11-25,11.17,124.16,80.77,229.64
2015-11-27,11.19,125.44,79.73,231.61
2015-11-30,11.125,123.33,79.68,230.26
2015-12-01,11.17,125.37,79.43,237.19
2015-12-02,11.22,128.93,77.85,231.99
2015-12-03,10.82,126.81,76.13,232.71
2015-12-04,10.62,130.93,76.88,230.38
2015-12-07,10.8,125.36,76.12,231.13
2015-12-08,11.06,126.98,76.11,226.72
2015-12-09,11.45,124.2,76.45,224.52
2015-12-10,11.46,122.91,76.49,227.07
2015-12-11,11.08,118.91,75.22,217.02
2015-12-14,10.67,120.67,73.98,218.58
2015-12-15,10.685,118.6,74.33,221.09
2015-12-16,10.58,122.64,75.51,234.51
2015-12-17,10.47,122.51,73.23,233.39
2015-12-18,10.28,118.02,71.84,230.46
2015-12-21,10.36,116.63,74.48,232.56
2015-12-22,10.7,116.24,75.98,229.95
2015-12-23,10.61,118.16,77.76,229.7
2015-12-24,10.57,117.33,76.95,230.57
2015-12-28,10.28,117.11,76.6,228.95
2015-12-29,10.55,119.12,77.62,237.19
2015-12-30,10.47,116.71,77.05,238.09
2015-12-31,10.24,114.38,76.29,240.01
2016-01-04,9.8,109.96,74.52,223.41
2016-01-05,9.81,107.66,74.3,223.43
2016-01-06,9.69,117.68,72.92,219.04
2016-01-07,9.56,114.56,70.92,215.65
2016-01-08,9.13,111.39,68.26,211
2016-01-11,8.84,114.97,67.84,207.85
2016-01-12,8.98,116.58,68.41,209.97
2016-01-13,8.7,106.56,66.7,200.31
2016-01-14,8.42,107.06,66.86,206.18
2016-01-15,8.73,104.04,67.65,204.99
2016-01-19,8.43,107.89,64.22,204.72
2016-01-20,9,107.74,61.8,198.7
2016-01-21,8.84,102.35,61.05,199.97
2016-01-22,8.81,100.72,61.65,202.55
2016-01-25,8.8,99.12,60.93,196.38
2016-01-26,8.95,97.83,62.48,193.56
2016-01-27,8.69,91.15,61.61,188.07
2016-01-28,8.91,94.41,61.38,189.7
2016-01-29,9.21,91.84,63.84,191.2
2016-02-01,9.37,94.09,64.73,196.94
2016-02-02,9.06,91.49,63.76,182.78
2016-02-03,9.13,90.74,63.76,173.48
2016-02-04,8.95,89.71,64.68,175.33
2016-02-05,8.6,82.79,63.86,162.6
2016-02-08,9.27,83.32,62.92,147.99
2016-02-09,9.21,86.13,62.17,148.25
2016-02-10,9.15,88.45,61.69,143.67
2016-02-11,8.77,86.35,60.75,150.47
2016-02-12,9.14,87.4,61.73,151.04
2016-02-16,9.34,89.05,63.24,155.17
2016-02-17,9.62,94.76,65.62,168.68
2016-02-18,9.65,90.49,65.26,166.77
2016-02-19,9.34,89.23,64.51,166.58
2016-02-22,9.39,91.93,65.26,177.74
2016-02-23,9.26,89.12,64.42,177.21
2016-02-24,9.55,91.61,64.94,179
2016-02-25,9.86,94.53,65.12,187.43
2016-02-26,9.77,94.79,65.46,190.34
2016-02-29,9.79,93.41,64.98,191.93
2016-03-01,9.14,98.3,67.6,186.35
2016-03-02,9.85,97.61,67.71,188.34
2016-03-03,10.03,97.93,69.1,195.74
2016-03-04,9.9,101.58,69.77,201.04
2016-03-07,9.99,95.49,70.71,205.29
2016-03-08,9.43,96.23,69.38,202.6
2016-03-09,9.23,98,70.2,208.72
2016-03-10,8.9,97.36,70.48,205.18
2016-03-11,9.68,97.66,71.84,207.5
2016-03-14,9.77,98.13,71.86,215.15
2016-03-15,9.65,97.86,70,218.34
2016-03-16,9.54,99.35,70.28,221.93
2016-03-17,9.82,99.72,70.12,226.38
2016-03-18,10.03,101.12,72.19,232.74
2016-03-21,9.82,101.06,71.54,238.32
2016-03-22,9.7,99.84,72.58,234.24
2016-03-23,9.33,99.59,71.98,222.58
2016-03-24,9.21,98.36,70.93,227.75
2016-03-28,8.83,101.21,71.12,230.26
2016-03-29,9.51,104.13,71.84,230.13
2016-03-30,9.19,102.19,72.59,226.89
2016-03-31,9.62,102.23,73.38,229.77
2016-04-01,9.4,105.7,73.77,237.59
2016-04-04,9.17,104.35,72.29,246.99
2016-04-05,9.18,104.94,71.75,255.47
2016-04-06,9.01,104.83,72.25,265.42
2016-04-07,8.91,104.45,70.86,257.2
2016-04-08,8.74,103.81,70.63,250.07
2016-04-11,8.68,102.68,70.83,249.92
2016-04-12,8.78,106.98,70.24,247.82
2016-04-13,9.05,109.65,71.8,254.53
2016-04-14,9.74,110.42,71.01,251.86
2016-04-15,9.66,111.51,71.18,254.51
2016-04-18,9.83,108.4,71.18,253.88
2016-04-19,9.89,94.34,71.76,247.37
2016-04-20,9.82,96.77,72.22,249.97
2016-04-21,9.67,94.98,72.18,248.29
2016-04-22,9.83,95.9,73.03,253.75
2016-04-25,9.74,93.56,72.09,251.82
2016-04-26,9.84,92.43,72.6,253.74
2016-04-27,8.78,91.04,73.36,251.47
2016-04-28,8.65,90.28,72.05,247.71
2016-04-29,8.35,90.03,71.35,240.76
2016-05-02,8.42,93.11,72.04,241.8
2016-05-03,8.36,91.54,71.06,232.32
2016-05-04,8.14,90.79,70.47,222.56
2016-05-05,8.04,89.37,70.02,211.53
2016-05-06,8.06,90.84,69.29,214.93
2016-05-09,7.73,90.54,69.35,208.92
2016-05-10,10.26,92.89,70.72,208.69
2016-05-11,9.55,90.02,66.48,208.96
2016-05-12,9.36,87.74,66.37,207.28
2016-05-13,9.21,87.88,64.43,207.61
2016-05-16,9.31,89.12,65.17,208.29
2016-05-17,9.11,88.63,64.89,204.66
2016-05-18,8.99,90.5,63.96,211.17
2016-05-19,9.04,89.55,63.28,215.21
2016-05-20,9.24,92.49,64.67,220.28
2016-05-23,9.26,94.89,63.96,216.22
2016-05-24,9.41,97.89,63.85,217.91
2016-05-25,9.62,100.2,63.89,219.58
2016-05-26,9.58,102.81,62.55,225.12
2016-05-27,9.84,103.3,62.54,223.04
2016-05-31,9.84,102.57,61.96,223.23
2016-06-01,10.35,101.51,62.33,219.56
2016-06-02,10.38,101.25,63.23,218.96
2016-06-03,10.26,99.59,63.18,218.99
2016-06-06,10.28,100.74,63.01,220.68
2016-06-07,10.34,99.89,64.3,232.34
2016-06-08,10.51,97.86,64,235.52
2016-06-09,10.77,97.09,62.52,229.36
2016-06-10,10.72,93.75,61.77,218.79
2016-06-13,10.51,93.85,61.02,217.87
2016-06-14,10.37,94.12,60.79,214.96
2016-06-15,10.61,94.29,61.72,217.7
2016-06-16,10.64,95.44,60.56,217.93
2016-06-17,10.85,94.45,61.23,215.47
2016-06-20,11.19,93.8,61.75,219.7
2016-06-21,11.29,90.99,61.64,219.61
2016-06-22,11.36,90.01,61.46,196.66
2016-06-23,11.26,91.66,62.63,196.4
2016-06-24,10.84,88.44,60.09,193.15
2016-06-27,10.17,85.33,57.48,198.55
2016-06-28,10.41,87.97,59.07,201.79
2016-06-29,10.96,91.06,60.04,210.19
2016-06-30,11.28,91.48,60.64,212.28
2016-07-01,11.37,96.67,61.3,216.5
2016-07-05,10.8,97.91,59.16,213.98
2016-07-06,10.87,94.6,59.69,214.44
2016-07-07,11.36,95.1,59.53,215.94
2016-07-08,11.73,97.06,61.35,216.78
2016-07-11,12.02,94.67,62.03,224.78
2016-07-12,12.29,95.97,62.68,224.65
2016-07-13,12.31,96.43,62.42,222.53
2016-07-14,12.21,98.02,62.79,221.53
2016-07-15,12.17,98.39,61.3,220.4
2016-07-18,12.15,98.81,61.84,226.25
2016-07-19,11.71,85.84,61.38,225.26
2016-07-20,11.9,87.91,62.39,228.36
2016-07-21,11.74,85.99,62.03,220.5
2016-07-22,11.53,85.89,62,222.27
2016-07-25,11.3,87.66,62,230.01
2016-07-26,11.59,91.41,63.31,229.51
2016-07-27,11.52,92.04,63.11,228.49
2016-07-28,11.41,91.65,63.35,230.61
2016-07-29,11.33,91.25,64.52,234.79
2016-08-01,11.44,94.37,63.69,230.01
2016-08-02,11,93.56,61.42,227.2
2016-08-03,8.44,93.1,61.42,225.79
2016-08-04,8.44,93.44,61.42,230.61
2016-08-05,8.34,97.03,62.75,230.03
2016-08-08,8.37,95.11,64.24,226.16
2016-08-09,8.37,93.99,63.41,229.08
2016-08-10,8.39,93.93,63.67,225.65
2016-08-11,8.46,95.89,66.25,224.91
2016-08-12,8.62,96.59,67.31,225.61
2016-08-15,8.7,95.31,67.91,225.59
2016-08-16,8.6,95.12,67.43,223.61
2016-08-17,8.59,96.37,67.27,223.24
2016-08-18,8.64,96.16,68.22,223.51
2016-08-19,8.7,95.87,68.52,225
2016-08-22,8.73,95.26,68.07,222.93
2016-08-23,8.9,95.94,69.13,224.84
2016-08-24,8.75,95.18,68.87,222.62
2016-08-25,8.7,97.32,73.28,220.96
2016-08-26,8.6,97.58,73.56,219.99
2016-08-29,9.05,97.3,72.98,215.2
2016-08-30,8.81,97.45,71.98,211.34
2016-08-31,8.64,97.45,71.37,212.01
2016-09-01,8.49,97.38,70.37,200.77
2016-09-02,8.52,97.38,70.08,197.78
2016-09-06,8.41,100.09,69.17,202.83
2016-09-07,8.66,99.15,69.78,201.71
2016-09-08,8.61,99.66,69.01,197.36
2016-09-09,8.54,96.5,67.27,194.47
2016-09-12,8.72,99.05,68.3,198.3
2016-09-13,8.46,96.09,68.74,196.05
2016-09-14,8.11,97.01,70.3,196.41
2016-09-15,8.29,97.34,72.66,200.42
2016-09-16,8.23,99.48,72.76,205.4
2016-09-19,8.25,98.06,71.77,206.34
2016-09-20,8.21,98.25,71.53,204.64
2016-09-21,8.44,94.88,72.27,205.22
2016-09-22,8.64,95.83,72.81,206.43
2016-09-23,8.49,95.94,72.69,207.45
2016-09-26,8.25,94.56,71.35,208.99
2016-09-27,8.31,97.07,71.65,205.81
2016-09-28,8.34,97.48,71.2,206.27
2016-09-29,8.28,96.67,71.37,200.7
2016-09-30,8.3,98.55,72.63,204.03
2016-10-03,8.25,102.63,71.71,213.7
2016-10-04,8.61,102.34,71.09,211.41
2016-10-05,8.74,106.28,72.8,208.46
2016-10-06,8.57,105.07,73,201
2016-10-07,8.5,104.82,73.35,196.61
2016-10-10,8.67,103.33,73.87,200.95
2016-10-11,8.34,100.59,73.47,200.1
2016-10-12,8.48,99.5,73.35,201.51
2016-10-13,8.31,100.23,72.82,200.24
2016-10-14,8.28,101.47,72.65,196.51
2016-10-17,8.08,99.8,71.9,193.96
2016-10-18,8.08,118.79,72.04,199.1
2016-10-19,8.15,121.87,73.25,203.56
2016-10-20,8.06,123.35,72.79,199.1
2016-10-21,7.86,127.5,73.37,200.09
2016-10-24,7.88,127.33,73.89,202.76
2016-10-25,7.76,126.51,73.39,202.34
2016-10-26,7.67,126.97,73.55,202.24
2016-10-27,7.68,126.47,72.83,204.01
2016-10-28,7.82,126.57,73.21,199.97
2016-10-31,7.69,124.87,73.42,197.73
2016-11-01,7.65,123.3,72.76,190.79
2016-11-02,7.41,122.34,72.45,188.02
2016-11-03,7.47,122.14,72.04,187.42
2016-11-04,7.54,122.03,72.93,190.56
2016-11-07,7.64,124.58,76.09,193.21
2016-11-08,7.81,124.34,75.62,194.94
2016-11-09,7.62,122.19,77.86,190.06
2016-11-10,7.595,115.42,80.23,185.35
2016-11-11,8.55,114.78,80.29,188.56
2016-11-14,8.46,113.38,78.1,181.45
2016-11-15,8.38,113.59,75.96,183.77
2016-11-16,8.14,115.19,76.19,183.93
2016-11-17,8.16,115.03,77.11,188.66
2016-11-18,8.29,115.21,76.35,185.02
2016-11-21,8.2,117.96,76.76,184.52
2016-11-22,8.38,118.04,76.88,191.17
2016-11-23,8.41,117.69,79.18,193.14
2016-11-25,8.4,117.41,78.06,196.65
2016-11-28,7.96,116.93,78.14,196.12
2016-11-29,7.43,117.51,80.6,189.57
2016-11-30,7,117,82.48,189.4
2016-12-01,7.19,117.22,82.51,181.88
2016-12-02,7.37,120.81,81.3,181.47
2016-12-05,7.43,119.16,83.24,186.8
2016-12-06,7.41,124.57,83.24,185.85
2016-12-07,7.62,125.39,84.35,193.15
2016-12-08,7.66,123.24,85.06,192.29
2016-12-09,7.61,122.88,85.02,192.18
2016-12-12,7.24,122.83,84.69,192.43
2016-12-13,7.35,123.78,84.21,198.15
2016-12-14,7.17,123.44,83.17,198.69
2016-12-15,7.18,125,81.03,197.58
2016-12-16,7.09,124.22,79.8,202.49
2016-12-19,7.15,125.45,79.94,202.73
2016-12-20,7.14,125.12,80.45,208.79
2016-12-21,7.08,126.5,80.04,207.7
2016-12-22,6.76,125.58,77.77,208.45
2016-12-23,6.8,125.59,77.13,213.34
2016-12-27,6.87,128.35,78.37,219.53
2016-12-28,6.87,125.89,77.38,219.74
2016-12-29,6.85,125.33,77.4,214.68
2016-12-30,6.86,123.8,77.43,213.69
2017-01-03,6.95,127.49,77.79,216.99
2017-01-04,7.14,129.41,79.26,226.99
2017-01-05,7.08,131.81,76.81,226.75
2017-01-06,7,131.07,77.16,229.01
2017-01-09,7.06,130.95,76.84,231.28
2017-01-10,7.18,129.89,77.14,229.87
2017-01-11,7.15,130.5,77.74,229.73
2017-01-12,7.05,129.18,80.55,229.59
2017-01-13,7.07,133.7,81.92,237.75
2017-01-17,7.12,132.89,79.9,235.58
2017-01-18,7.18,133.26,79.94,238.36
2017-01-19,6.98,138.41,79.03,243.76
2017-01-20,7.16,138.6,79.42,244.73
2017-01-23,7.07,137.39,78.74,248.92
2017-01-24,7.19,140.11,79.31,254.61
2017-01-25,7.32,139.52,80.34,254.47
2017-01-26,7.21,138.96,79.91,252.51
2017-01-27,7.22,142.45,79.17,252.95
2017-01-30,7.23,141.22,78.05,250.63
2017-01-31,7.3,140.71,78.72,251.93
2017-02-01,7.29,140.78,78,249.24
2017-02-02,6.96,139.2,78.18,251.55
2017-02-03,6.77,140.25,80.47,251.33
2017-02-06,6.81,140.97,78.49,257.77
2017-02-07,6.66,144,78.28,257.48
2017-02-08,6.77,144.74,79.04,262.08
2017-02-09,7,144.14,80.43,269.2
2017-02-10,7.11,144.82,81.37,269.23
2017-02-13,7.21,143.2,81.63,280.6
2017-02-14,7.31,140.82,82.96,280.98
2017-02-15,7.2,142.27,83.23,279.76
2017-02-16,7,142.01,83.01,268.95
2017-02-17,6.98,142.22,86.18,272.23
2017-02-21,6.93,142.6,88.41,277.39
2017-02-22,6.86,143.86,88.3,273.51
2017-02-23,6.74,142.78,90.23,255.99
2017-02-24,6.66,143.25,91.73,257
2017-02-27,6.71,143.41,91.97,246.23
2017-02-28,6.65,142.13,91.87,249.99
2017-03-01,6.9,142.65,91.52,250.02
2017-03-02,7.21,139.53,90.09,250.48
2017-03-03,7.06,139.14,90.32,251.57
2017-03-06,7.13,141.94,89.91,251.21
2017-03-07,6.78,141.43,88.76,248.59
2017-03-08,6.78,140.32,89.12,246.87
2017-03-09,6.69,140.53,88.47,244.9
2017-03-10,6.73,140.89,88.71,243.69
2017-03-13,6.65,143.52,88.86,246.17
2017-03-14,6.48,143.19,89.13,258
2017-03-15,6.56,145.25,90.47,255.73
2017-03-16,6.73,144.39,89.98,262.05
2017-03-17,6.8,145.11,92.42,261.5
2017-03-20,6.77,145.83,93.83,261.92
2017-03-21,6.535,142.42,94.01,250.68
2017-03-22,6.49,142.65,95.11,255.01
2017-03-23,6.66,141.84,95.36,254.78
2017-03-24,6.66,142.02,95.38,263.16
2017-03-27,6.74,144.06,95.07,270.22
2017-03-28,6.8,145.17,96.05,277.45
2017-03-29,6.95,146.47,96.41,277.38
2017-03-30,7.01,148.06,95.25,277.92
2017-03-31,7.07,147.81,95.3,278.3
2017-04-03,6.92,146.92,94.18,298.52
2017-04-04,6.75,145.5,93.65,303.7
2017-04-05,6.57,143.62,92.77,295
2017-04-06,6.56,143.74,93.69,298.7
2017-04-07,6.49,143.11,93.47,302.54
2017-04-10,6.39,143.85,93.21,312.39
2017-04-11,6.49,144.35,92.15,308.71
2017-04-12,6.32,143.83,91.74,296.84
2017-04-13,6.09,142.92,91.18,304
2017-04-17,6.14,147.25,91.52,301.44
2017-04-18,6.1,143.36,90.77,300.25
2017-04-19,6.06,139.76,91.55,305.52
2017-04-20,6.19,141.18,92.14,302.51
2017-04-21,6.09,142.87,91.69,305.6
2017-04-24,6.13,143.83,92.59,308.03
2017-04-25,6.19,152.16,92.83,313.79
2017-04-26,6.23,150.17,93.1,310.17
2017-04-27,6.41,153.08,92.37,308.63
2017-04-28,6.23,152.2,91.65,314.07
2017-05-01,6.15,155.35,91.3,322.83
2017-05-02,6.18,156.45,92.07,318.89
2017-05-03,6.14,155.59,92.17,311.02
2017-05-04,6.13,157.25,91,295.46
2017-05-05,5.94,156.6,92.49,308.35
2017-05-08,5.95,156.38,91.4,307.19
2017-05-09,6.2,157.46,92.46,321.26
2017-05-10,7.28,160.28,92.95,325.22
2017-05-11,6.94,158.54,92.02,323.1
2017-05-12,6.84,160.81,92.5,324.81
2017-05-15,6.51,160.02,92.25,315.88
2017-05-16,6.55,159.41,92.45,317.01
2017-05-17,6.3,153.2,91.06,306.11
2017-05-18,6.33,155.7,91.97,313.06
2017-05-19,6.47,157.02,92.92,310.83
2017-05-22,6.53,157.16,93.67,310.35
2017-05-23,6.52,157.95,93.14,303.86
2017-05-24,6.43,157.75,85.03,310.22
2017-05-25,6.47,163.05,85.82,316.83
2017-05-26,6.59,162.43,86.18,325.14
2017-05-30,6.9,163.22,85.93,335.1
2017-05-31,6.83,163.07,86.96,341.01
2017-06-01,6.98,162.99,89.24,340.37
2017-06-02,6.94,165.18,89.99,339.85
2017-06-05,6.945,165.06,91.04,347.32
2017-06-06,6.835,165.17,91.6,352.85
2017-06-07,6.76,165.61,92.27,359.65
2017-06-08,6.82,165.88,93.66,370
2017-06-09,7.16,158.03,94.69,357.32
2017-06-12,7.38,151.44,93.14,359.01
2017-06-13,7.34,152.72,91.84,375.95
2017-06-14,7.43,152.2,91.5,380.66
2017-06-15,7.41,151.76,91.02,375.34
2017-06-16,7.25,152.38,92.08,371.4
2017-06-19,7.36,153.4,93.9,369.8
2017-06-20,7.17,152.05,92.28,372.24
2017-06-21,7.2,155.03,91.31,376.4
2017-06-22,7.35,154.89,91.43,382.61
2017-06-23,7.42,158.02,91.79,383.45
2017-06-26,7.6,157.5,92.31,377.49
2017-06-27,7.59,151.03,93.69,362.37
2017-06-28,7.69,153.41,93.89,371.24
2017-06-29,7.72,150.09,92.52,360.75
2017-06-30,7.71,149.41,93.87,361.61
2017-07-03,7.88,146.17,93.68,352.62
2017-07-05,7.77,147.61,93.07,327.09
2017-07-06,7.47,146.25,93.05,308.83
2017-07-07,7.6,150.18,93.84,313.22
2017-07-10,7.58,152.67,91.33,316.05
2017-07-11,7.55,154.33,90.84,327.22
2017-07-12,7.5,158.75,92.46,329.52
2017-07-13,7.54,158.21,94.04,323.41
2017-07-14,7.51,161.12,91.9,327.78
2017-07-17,7.54,161.7,92.16,319.57
2017-07-18,7.52,183.6,91.79,328.24
2017-07-19,7.66,183.86,91.86,325.26
2017-07-20,7.78,183.6,92.63,329.92
2017-07-21,7.79,188.54,93.71,328.4
2017-07-24,7.6,187.91,93.44,342.52
2017-07-25,7.97,186.97,95.04,339.6
2017-07-26,7.86,189.08,95.09,343.85
2017-07-27,7.92,182.68,95.19,334.46
2017-07-28,7.95,184.04,96.34,335.07
2017-07-31,7.94,181.66,95.51,323.47
2017-08-01,7.91,182.03,95.86,319.57
2017-08-02,7.77,180.74,92.44,325.89
2017-08-03,7.77,179.23,92.85,347.09
2017-08-04,7.94,180.27,93,356.91
2017-08-07,7.99,181.33,92.16,355.17
2017-08-08,8.09,178.36,91.32,365.22
2017-08-09,8.5,175.78,91.24,363.53
2017-08-10,8.9,169.14,89.34,355.4
2017-08-11,9.21,171.4,90.29,357.87
2017-08-14,9.4,171,90.73,363.8
2017-08-15,9.45,168.5,88.11,362.33
2017-08-16,9.43,169.98,89.38,362.91
2017-08-17,9.19,166.09,88.37,351.92
2017-08-18,8.88,166.54,88.03,347.46
2017-08-21,8.65,166.76,87.82,337.86
2017-08-22,8.73,169.34,88.5,341.35
2017-08-23,8.68,169.06,88.72,352.77
2017-08-24,8.85,168.13,87.55,352.93
2017-08-25,8.91,165.95,88,348.05
2017-08-28,9,167.12,89.35,345.66
2017-08-29,8.8,168.81,88.28,347.36
2017-08-30,8.79,174.69,87.65,353.18
2017-08-31,8.93,174.71,91.4,355.9
2017-09-01,9.01,174.74,92.37,355.4
2017-09-05,8.93,174.52,92.25,349.59
2017-09-06,8.95,179.25,93.48,344.53
2017-09-07,9.58,179,93.51,350.61
2017-09-08,9.37,176.42,93.16,343.4
2017-09-11,9.43,181.74,95.6,363.69
2017-09-12,9.31,185.15,96.48,362.75
2017-09-13,9.22,183.64,95.51,366.23
2017-09-14,9.11,182.63,90.95,377.64
2017-09-15,9.1,182.35,90.31,379.81
2017-09-18,9.21,184.62,89.47,385
2017-09-19,9.23,185.68,90.32,375.1
2017-09-20,9.25,185.51,89.93,373.91
2017-09-21,9.03,188.78,89.85,366.48
2017-09-22,9.04,187.35,87.84,351.09
2017-09-25,9.3,178.55,88.03,344.99
2017-09-26,9.38,179.38,89.66,345.25
2017-09-27,9.5,181.97,89.87,340.97
2017-09-28,9.56,180.7,90.94,339.6
2017-09-29,9.7,181.35,91.78,341.1
2017-10-02,9.7,177.01,92.7,341.53
2017-10-03,9.66,179.19,93.02,348.14
2017-10-04,9.7,184.45,94,355.01
2017-10-05,9.65,194.39,94.14,355.33
2017-10-06,9.74,198.02,94.61,356.88
2017-10-09,9.74,196.87,93.44,342.94
2017-10-10,9.9,195.08,92.87,355.59
2017-10-11,9.57,194.95,93.27,354.6
2017-10-12,9.49,195.86,92.08,355.68
2017-10-13,9.53,199.49,94.4,355.57
2017-10-16,9.55,202.68,94.69,350.6
2017-10-17,9.64,199.48,94.94,355.75
2017-10-18,9.69,195.54,94.42,359.65
2017-10-19,9.68,195.13,93.6,351.81
2017-10-20,10.5,194.16,94.54,345.1
2017-10-23,10.31,192.47,93.67,337.02
2017-10-24,10.5,196.02,93.95,337.34
2017-10-25,10.49,193.77,93.48,325.84
2017-10-26,10.54,195.21,94.1,326.17
2017-10-27,10.62,199.54,94.05,320.87
2017-10-30,10.51,198.37,93.55,320.08
2017-10-31,10.2,196.43,93.62,331.53
2017-11-01,10.2,198,93.98,321.08
2017-11-02,10.015,199.32,93.01,299.26
2017-11-03,9.14,200.01,92.56,306.09
2017-11-06,9.63,200.13,92.99,302.78
2017-11-07,8.755,195.89,92.35,306.05
2017-11-08,9.87,196.44,90.87,304.39
2017-11-09,9.97,193.9,91,302.99
2017-11-10,10.56,192.02,91.57,302.99
2017-11-13,10.56,195.08,93.08,315.4
2017-11-14,10.46,195.71,93.55,308.7
2017-11-15,10.56,192.12,92.51,311.3
2017-11-16,10.7,195.51,92.94,312.5
2017-11-17,10.71,193.2,94.83,315.05
2017-11-20,10.57,194.1,94.33,308.74
2017-11-21,10.99,196.23,93.54,317.81
2017-11-22,11.12,196.32,94.09,312.6
2017-11-24,11.03,195.75,93.04,315.55
2017-11-27,10.9,195.05,93.29,316.81
2017-11-28,10.94,199.18,94.04,317.55
2017-11-29,11.11,188.15,92.55,307.54
2017-11-30,10.93,187.58,94.5,308.85
2017-12-01,10.75,186.82,97.25,306.53
2017-12-04,10.78,184.04,95.54,305.2
2017-12-05,10.69,184.21,95.02,303.7
2017-12-06,10.57,185.3,95.19,313.26
2017-12-07,10.79,185.2,95.52,311.24
2017-12-08,10.9,188.54,95.75,315.13
2017-12-11,11.03,186.22,96.34,328.91
2017-12-12,11.08,185.73,95.5,341.03
2017-12-13,11.28,187.86,96.1,339.03
2017-12-14,10.94,189.56,99.34,337.89
2017-12-15,12.55,190.12,101.34,343.45
2017-12-18,12.9,190.42,100.61,338.87
2017-12-19,12.92,187.02,100.42,331.1
2017-12-20,12.7,188.82,100.05,328.98
2017-12-21,12.99,188.62,102.46,331.66
2017-12-22,12.98,189.94,102.84,325.2
2017-12-26,13.15,187.76,105.2,317.29
2017-12-27,12.99,186.24,105.24,311.64
2017-12-28,13,192.71,104.22,315.36
2017-12-29,12.64,191.96,103.95,311.35
2018-01-02,12.97,201.07,106.43,320.53
2018-01-03,12.9,205.05,107.03,317.25
2018-01-04,12.7,205.63,106.75,314.62
2018-01-05,12.2,209.99,106.57,316.58
2018-01-08,13.23,212.05,106.84,336.41
2018-01-09,13.5,209.31,106.54,333.69
2018-01-10,13.45,212.52,105.84,334.8
2018-01-11,13.61,217.24,107.46,337.95
2018-01-12,13.62,221.23,108.46,336.22
2018-01-16,13.4,221.53,107.58,340.06
2018-01-17,13.69,217.5,108.99,347.16
2018-01-18,13.59,220.33,108.05,344.57
2018-01-19,13.96,220.46,107.77,350.02
2018-01-22,14.21,227.58,109.88,351.56
2018-01-23,14.4,250.29,108.86,352.79
2018-01-24,14,261.3,109.12,345.89
2018-01-25,13.8,269.7,109.13,337.64
2018-01-26,13.82,274.6,109.71,342.85
2018-01-29,13.77,284.59,109.3,349.53
2018-01-30,13.73,278.8,108.52,345.82
2018-01-31,13.51,270.3,106.65,354.31
2018-02-01,13.78,265.07,106.85,349.25
2018-02-02,13.47,267.43,105.51,343.75
2018-02-05,12.87,254.26,100.74,333.13
2018-02-06,13,265.72,103.05,333.97
2018-02-07,13.16,264.56,103.08,345
2018-02-08,12.63,250.1,99.62,315.23
2018-02-09,12.88,249.47,101.88,310.42
2018-02-12,12.74,257.95,100.73,315.73
2018-02-13,12.9,258.27,100.96,323.66
2018-02-14,13.29,266,103.11,322.31
2018-02-15,13.26,280.27,101.69,334.065
2018-02-16,13.25,278.52,101.47,335.49
2018-02-20,13.48,278.55,100.7,334.77
2018-02-21,13.45,281.04,101.5,333.3
2018-02-22,13.75,278.14,101.79,346.17
2018-02-23,13.73,285.93,104.17,352.05
2018-02-26,14.67,294.16,103.71,357.42
2018-02-27,14.07,290.61,102.4,350.99
2018-02-28,12.24,291.38,101.04,343.06
2018-03-01,12.92,290.39,101.44,330.93
2018-03-02,13.63,301.05,101.7,335.12
2018-03-05,13.52,315,101.03,333.35
2018-03-06,13.95,325.22,101.35,328.2
2018-03-07,14.32,321.16,100.58,332.3
2018-03-08,14.11,317,102.09,329.1
2018-03-09,14.18,331.44,101.76,327.17
2018-03-12,14.22,321.3,100.42,345.51
2018-03-13,14.31,315.88,101.29,341.84
2018-03-14,14.19,321.55,101.02,326.63
2018-03-15,14.31,321.09,102.71,325.6
2018-03-16,14.87,318.45,97.51,321.35
2018-03-19,15.01,313.48,97.62,313.56
2018-03-20,15.34,317.5,97.77,310.55
2018-03-21,15.55,316.48,97.04,316.53
2018-03-22,15.5,306.7,95.16,309.1
2018-03-23,15.41,300.94,95.94,301.54
2018-03-26,15.92,320.35,97.79,304.18
2018-03-27,15.92,300.69,96.54,279.18
2018-03-28,16.06,285.77,98.03,257.78
2018-03-29,16.25,295.35,97.66,266.13
2018-04-02,15.89,280.29,94.87,252.48
2018-04-03,16.58,283.67,94.2,267.53
2018-04-04,17.02,288.94,96.56,286.94
2018-04-05,17.32,293.97,98.12,305.72
2018-04-06,16.58,288.85,95.58,299.3
2018-04-09,16.61,289.93,96.06,289.66
2018-04-10,16.81,298.07,97.52,304.7
2018-04-11,16.92,303.67,97.7,300.93
2018-04-12,16.75,309.25,98.45,294.08
2018-04-13,16.27,311.65,99.02,300.34
2018-04-16,16.05,307.78,99.81,291.21
2018-04-17,16.1,336.06,100.52,287.69
2018-04-18,15.77,334.52,100,293.35
2018-04-19,15.79,332.7,98.03,300.08
2018-04-20,15.58,327.77,98.84,290.24
2018-04-23,15.7,318.69,100.48,283.37
2018-04-24,15.72,307.02,99.56,283.46
2018-04-25,15.84,305.76,100.82,280.69
2018-04-26,15.98,313.98,101.51,285.48
2018-04-27,15.99,311.76,103.32,294.075
2018-04-30,15.8,312.46,102.83,293.9
2018-05-01,15.67,313.3,101.59,299.92
2018-05-02,15.99,313.36,101.68,301.15
2018-05-03,15.61,311.69,102.32,284.45
2018-05-04,15.43,320.09,103.01,294.09
2018-05-07,15.15,326.26,102.08,302.77
2018-05-08,16.21,326.89,102.41,301.97
2018-05-09,15.71,330.3,103.36,306.85
2018-05-10,16.13,329.6,103.58,305.02
2018-05-11,16,326.46,103.75,301.06
2018-05-14,15.32,328.53,102.99,291.97
2018-05-15,15.7,326.13,101.88,284.18
2018-05-16,16.21,328.19,104.05,286.48
2018-05-17,16.17,325.22,104.18,284.54
2018-05-18,16.42,324.18,103.35,276.82
2018-05-21,17.09,331.82,103.24,284.49
2018-05-22,16.72,331.62,102.24,275.01
2018-05-23,16.73,344.72,126.05,279.07
2018-05-24,16.79,349.29,126.44,277.85
2018-05-25,17.28,351.29,129.21,278.85
2018-05-29,17.35,349.73,129.13,283.76
2018-05-30,17.84,353.54,130.7,291.72
2018-05-31,17.84,351.6,130.78,284.73
2018-06-01,18.26,359.93,132.43,291.82
2018-06-04,18.13,361.81,133.62,296.74
2018-06-05,18.61,365.8,133.88,291.13
2018-06-06,18.45,367.45,133.91,319.5
2018-06-07,18.54,361.4,131.99,316.09
2018-06-08,19.09,360.57,132.19,317.66
2018-06-11,18.81,361.45,133.59,332.1
2018-06-12,19.34,363.83,135.97,342.77
2018-06-13,18.67,379.93,136.02,344.78
2018-06-14,18.84,392.87,135.67,357.72
2018-06-15,18.66,391.98,136.27,358.17
2018-06-18,19.04,390.4,137.89,370.83
2018-06-19,19.09,404.98,136.07,352.55
2018-06-20,19.12,416.76,135.37,362.22
2018-06-21,18.89,415.44,135,347.51
2018-06-22,18.01,411.09,133.67,333.63
2018-06-25,17.68,384.48,133.07,333.01
2018-06-26,17.85,399.39,133.61,342
2018-06-27,17.94,390.39,132.31,344.5
2018-06-28,17.75,395.42,131.39,349.93
2018-06-29,17.61,391.43,131.6,342.95
2018-07-02,17.36,398.18,131.06,335.07
2018-07-03,17.25,390.52,132.05,310.86
2018-07-05,17.22,398.39,133,309.16
2018-07-06,16.74,408.25,133.67,308.9
2018-07-09,16.76,418.97,132.16,318.51
2018-07-10,16.59,415.63,133.11,322.47
2018-07-11,16.99,418.65,131.32,318.96
2018-07-12,16.89,413.5,131.76,316.71
2018-07-13,17.12,395.8,132.25,318.87
2018-07-16,17.03,400.48,132.71,310.1
2018-07-17,17.34,379.48,134.31,322.69
2018-07-18,17.69,375.13,134.6,323.85
2018-07-19,18.06,364.23,136.11,320.23
2018-07-20,17.65,361.05,136.37,313.58
2018-07-23,17.35,362.66,138.13,303.2
2018-07-24,17.13,357.32,137.93,297.43
2018-07-25,18.63,362.87,139.5,308.74
2018-07-26,18.72,363.09,139.07,306.65
2018-07-27,18.08,355.21,136.68,297.18
2018-07-30,17.91,334.96,136.26,290.17
2018-07-31,18.11,337.45,137.56,298.14
2018-08-01,17.71,338.38,136.02,300.84
2018-08-02,17.96,344.5,136.89,349.54
2018-08-03,17.98,343.09,135.8,348.17
2018-08-06,18.12,350.92,135.77,341.99
2018-08-07,17.64,351.83,137.04,379.57
2018-08-08,18.26,347.61,136.89,370.34
2018-08-09,18.96,349.36,137.1,352.45
2018-08-10,18.53,345.87,134.34,355.49
2018-08-13,17.94,341.31,130.89,356.41
2018-08-14,18.64,337.49,131.84,347.64
2018-08-15,18.3,326.4,125.66,338.69
2018-08-16,18.18,322.44,127.4,335.45
2018-08-17,18.67,316.78,128.56,305.5
2018-08-20,19.53,327.73,131.7,308.44
2018-08-21,20.22,338.02,131.9,321.9
2018-08-22,20.47,344.44,129.77,321.64
2018-08-23,20.69,339.17,129.83,320.1
2018-08-24,20.44,358.82,131.45,322.82
2018-08-27,20.14,364.58,129.78,319.27
2018-08-28,20.42,368.49,131.07,311.86
2018-08-29,20.52,368.04,125.48,305.01
2018-08-30,19.82,370.98,123.11,303.15
2018-08-31,20.66,367.68,122.65,301.66
2018-09-04,20.77,363.6,122.75,288.95
2018-09-05,20.43,341.18,120.72,280.74
2018-09-06,20.79,346.46,123.37,280.95
2018-09-07,21.12,348.68,122.87,263.24
2018-09-10,21.34,348.41,124.32,285.5
2018-09-11,20.97,355.93,123.37,279.44
2018-09-12,21.14,369.95,124.74,290.54
2018-09-13,21.31,368.15,126.03,289.46
2018-09-14,21.42,364.56,128.69,295.2
2018-09-17,21.71,350.35,125.88,294.84
2018-09-18,21.88,367.65,125.12,284.96
2018-09-19,21.35,366.96,124.73,299.02
2018-09-20,21.57,365.36,127.05,298.33
2018-09-21,21.52,361.19,126.62,299.1
2018-09-24,21.38,369.61,125.59,299.68
2018-09-25,21.31,369.43,126.24,300.99
2018-09-26,21.26,377.88,129.21,309.58
2018-09-27,21.07,380.71,128.55,307.52
2018-09-28,21.29,374.13,128.97,264.77
2018-10-01,21.03,381.43,128.35,310.7
2018-10-02,19.59,377.14,125.28,301.02
2018-10-03,20.05,377.05,124.45,294.8
2018-10-04,19.28,363.65,120.75,281.83
2018-10-05,19.13,351.35,122,261.95
2018-10-08,19.3,349.1,121.88,250.56
2018-10-09,19.43,355.71,122.95,262.8
2018-10-10,18.76,325.89,110.38,256.88
2018-10-11,19.34,321.1,111.45,252.23
2018-10-12,19.94,339.56,112.84,258.78
2018-10-15,19.71,333.13,112.32,259.59
2018-10-16,20.32,346.4,114.66,276.59
2018-10-17,20.15,364.7,112,271.78
2018-10-18,19.74,346.71,109.62,263.91
2018-10-19,18.49,332.67,107.01,260
2018-10-22,19.8,329.54,108.01,260.95
2018-10-23,19.46,333.16,107.87,294.14
2018-10-24,19.27,301.83,106.72,288.5
2018-10-25,19.59,312.87,107.29,314.86
2018-10-26,19.69,299.83,106.93,330.9
2018-10-29,20.06,284.84,107.5,334.85
2018-10-30,21.2,285.81,109.6,329.9
2018-10-31,20.54,301.78,111.3,337.32
2018-11-01,20.78,317.38,115.33,344.28
2018-11-02,21.07,309.1,115.92,346.41
2018-11-05,21.01,315.44,116.43,341.4
2018-11-06,21.35,310.84,115.21,341.06
2018-11-07,21.44,327.5,117.03,348.16
2018-11-08,27.35,317.92,116.56,351.4
2018-11-09,25.37,303.47,110.36,350.51
2018-11-12,25.51,294.07,109.1,331.28
2018-11-13,26.55,294.4,108.21,338.73
2018-11-14,26.99,286.73,105.57,344
2018-11-15,26.87,290.06,105.96,348.44
2018-11-16,27.32,286.21,106.49,354.31
2018-11-19,26.73,270.6,102.48,353.47
2018-11-20,25.06,266.98,100.14,347.49
2018-11-21,25.65,262.13,102.35,338.19
2018-11-23,25.61,258.82,102.41,325.83
2018-11-26,26.49,261.43,106.37,346
2018-11-27,26.6,266.63,104.95,343.92
2018-11-28,27.76,282.65,92.54,347.87
2018-11-29,27.09,288.75,89.77,341.17
2018-11-30,27.8,286.13,91,350.48
2018-12-03,29.1,290.3,94.65,358.49
2018-12-04,27.3,275.33,90.89,359.7
2018-12-06,26.31,282.88,88.52,363.06
2018-12-07,25,265.14,86.02,357.965
2018-12-10,25.49,269.7,85.11,365.15
2018-12-11,25.73,265.32,84.18,366.76
2018-12-12,25.97,274.88,85.94,366.6
2018-12-13,25.4,276.02,83.76,376.79
2018-12-14,25.39,266.84,82.66,365.71
2018-12-17,25.19,262.8,80.69,348.42
2018-12-18,25.16,270.94,80.1,337.03
2018-12-19,24.96,266.77,77.77,332.97
2018-12-20,24.29,260.58,78.14,315.38
2018-12-21,24.44,246.39,75.78,319.77
2018-12-24,23.93,233.88,74.21,295.39
2018-12-26,26.47,253.67,77.8,326.09
2018-12-27,26.68,255.565,78.9,316.13
2018-12-28,26.64,256.08,79.12,333.87
2018-12-31,25.98,267.66,80.51,332.8
2019-01-02,27.6,267.66,81.83,310.12
2019-01-03,27.07,271.2,79.59,300.36
2019-01-04,27.71,297.57,82.38,317.69
2019-01-07,29.17,315.34,85.9,334.96
2019-01-08,30.12,320.27,86.97,335.35
2019-01-09,31.37,319.96,86.48,338.53
2019-01-10,31.1,324.66,84.96,344.97
2019-01-11,30.96,337.59,85.82,347.26
2019-01-14,29.89,332.94,85.36,334.4
2019-01-15,30.05,354.64,84.57,344.43
2019-01-16,30.53,351.39,84.01,346.05
2019-01-17,30.69,353.19,85.26,347.31
2019-01-18,29.39,339.1,89.82,302.26
2019-01-22,28.74,325.16,87.6,298.92
2019-01-23,28.79,321.99,87.34,287.59
2019-01-24,28.81,326.67,87.52,291.51
2019-01-25,28.9,338.05,88.88,297.04
2019-01-28,28.89,335.66,88.19,296.38
2019-01-29,28.35,328.9,87.6,297.46
2019-01-30,28.49,340.66,87.98,308.77
2019-01-31,28.72,339.5,88.73,307.02
2019-02-01,27.25,339.85,88.2,312.21
2019-02-04,27.6,351.34,88.38,312.89
2019-02-05,27.67,355.81,89.63,321.35
2019-02-06,27.25,352.19,89.66,317.22
2019-02-07,27.04,344.71,88.57,307.51
2019-02-08,27.05,347.57,88.08,305.8
2019-02-11,26.71,345.73,87.85,312.84
2019-02-12,27.09,359.97,89.73,311.81
2019-02-13,27.04,351.77,90.93,308.17
2019-02-14,27.62,359.07,90.33,303.77
2019-02-15,27.86,356.87,90.83,307.88
2019-02-19,28.5,361.92,90.38,305.64
2019-02-20,28.18,359.91,91.62,302.56
2019-02-21,28.1,356.97,91.49,291.23
2019-02-22,28.27,363.02,92.7,294.71
2019-02-25,28.48,363.91,94.01,298.77
2019-02-26,27.83,364.97,94.89,297.86
2019-02-27,28.52,362.87,95.78,314.74
2019-02-28,25.68,358.1,95.04,319.88
2019-03-01,25.12,357.32,95.93,294.79
2019-03-04,24.27,351.04,94.6,285.36
2019-03-05,25.25,354.3,94.87,276.54
2019-03-06,24.94,359.61,94.79,276.24
2019-03-07,25.37,352.6,94.49,276.59
2019-03-08,25.18,349.6,94.33,284.14
2019-03-11,24.96,358.86,96.28,290.92
2019-03-12,24.9,356.27,95.87,283.36
2019-03-13,25.05,361.21,96.55,288.96
2019-03-14,24.83,358.82,95.47,289.96
2019-03-15,24.92,361.46,96.56,275.43
2019-03-18,25.74,363.44,97.35,269.49
2019-03-19,25.79,358.78,97.02,267.47
2019-03-20,25.64,375.22,97.07,273.6
2019-03-21,25.83,377.87,100.06,274.02
2019-03-22,25.1,361.01,103.21,264.53
2019-03-25,25.42,366.23,102.8,260.42
2019-03-26,25.43,359.97,103.13,267.77
2019-03-27,25.54,353.37,104.42,274.83
2019-03-28,26.12,354.61,104.79,278.62
2019-03-29,25.75,356.56,105.55,279.86
2019-04-01,26.81,366.96,105.81,289.18
2019-04-02,26.39,367.72,106.21,285.88
2019-04-03,26.45,369.75,106.9,291.81
2019-04-04,26.52,367.88,107.3,267.78
2019-04-05,26.57,365.49,107.5,274.96
2019-04-08,25.94,361.41,106.62,273.2
2019-04-09,25.91,364.71,105.72,272.31
2019-04-10,26.17,363.92,105.88,276.06
2019-04-11,26.12,367.65,106.04,268.42
2019-04-12,26.54,351.14,106.18,267.7
2019-04-15,26.43,348.87,105.87,266.38
2019-04-16,26.91,359.46,107.23,273.36
2019-04-17,27.51,354.74,106.18,271.23
2019-04-18,27.4,360.35,107.12,273.26
2019-04-22,27.26,377.34,105.72,262.75
2019-04-23,26.57,381.89,107.74,263.9
2019-04-24,27.67,374.23,106.75,258.66
2019-04-25,27.26,368.33,104.82,247.63
2019-04-26,27.54,374.85,107.74,235.14
2019-04-29,28.05,371.83,107.6,241.47
2019-04-30,27.85,370.54,107.82,238.69
2019-05-01,28,378.81,106.33,234.01
2019-05-02,28.19,379.06,107.9,244.1
2019-05-03,29.18,385.03,109.55,255.03
2019-05-06,28.34,378.67,105.61,255.34
2019-05-07,26.94,370.46,103.97,247.06
2019-05-08,24.39,364.37,105.74,244.84
2019-05-09,23.82,362.75,104.92,241.98
2019-05-10,23.23,361.04,104.85,239.52
2019-05-13,22.2,345.26,97.68,227.01
2019-05-14,22.47,345.61,98.34,232.31
2019-05-15,22.08,354.99,98.36,231.95
2019-05-16,22.45,359.31,99.44,228.33
2019-05-17,22.25,354.45,96.02,211.03
2019-05-20,22.33,348.11,95.39,205.36
2019-05-21,22.68,354.27,97.86,205.08
2019-05-22,22.55,359.73,98.51,192.73
2019-05-23,21.83,352.21,95.38,195.49
2019-05-24,22,354.39,93.65,190.63
2019-05-28,19.94,354.78,91.19,188.7
2019-05-29,19.57,349.19,90.82,189.86
2019-05-30,19.6,351.85,90.05,188.22
2019-05-31,19.32,343.28,89.11,185.16
2019-06-03,19.47,336.63,90.17,178.97
2019-06-04,20,353.4,92.51,193.6
2019-06-05,19.39,355.73,92.45,196.59
2019-06-06,19.27,357.13,91.19,205.95
2019-06-07,19.45,360.87,90.47,204.5
2019-06-10,19.24,352.01,92.14,212.88
2019-06-11,19.76,351.27,92.09,217.1
2019-06-12,19.21,345.56,91.4,209.26
2019-06-13,19.09,343.43,91.16,213.91
2019-06-14,18.79,339.73,91.02,214.92
2019-06-17,17.85,350.62,91.43,225.03
2019-06-18,18.32,357.12,92.04,224.74
2019-06-19,17.76,363.52,92.78,226.43
2019-06-20,17.87,365.21,96.12,219.62
2019-06-21,19.36,369.21,93.62,221.86
2019-06-24,19.25,371.04,91.85,223.64
2019-06-25,19.01,360.3,91.24,219.76
2019-06-26,19.5,362.2,91.94,219.27
2019-06-27,19.63,370.02,91.98,222.84
2019-06-28,19.75,367.32,93.64,223.46
2019-07-01,20.42,374.6,94.28,227.17
2019-07-02,20.07,375.43,92.2,224.55
2019-07-03,19.83,381.72,93.6,234.9
2019-07-05,20.33,380.55,94.48,233.1
2019-07-08,20.98,376.16,93.77,230.34
2019-07-09,20.48,379.93,93.11,230.06
2019-07-10,20.55,381,92.77,238.92
2019-07-11,20.44,379.5,94.13,238.6
2019-07-12,20.96,373.25,94.66,245.08
2019-07-15,22.4,366.6,93.82,253.5
2019-07-16,22.58,365.99,94.03,252.38
2019-07-17,22.55,362.44,93.29,254.86
2019-07-18,22.35,325.21,93.16,253.54
2019-07-19,23.13,315.1,92.67,258.18
2019-07-22,23.23,310.62,91.73,255.68
2019-07-23,23.39,307.3,92.53,260.17
2019-07-24,23.72,317.94,94.43,264.88
2019-07-25,23.55,326.46,93.59,228.82
2019-07-26,23.67,335.78,93.27,228.04
2019-07-29,23.29,332.7,92.93,235.77
2019-07-30,23.14,325.93,94.12,242.26
2019-07-31,22.85,322.99,93.92,241.61
2019-08-01,24.44,319.5,91.23,233.85
2019-08-02,24.49,318.83,90.08,234.34
2019-08-05,24.08,307.63,87.86,228.32
2019-08-06,24.83,310.1,88.6,230.75
2019-08-07,24.9,304.29,88.84,233.42
2019-08-08,25.29,315.9,91.16,238.3
2019-08-09,24.84,308.93,89.56,235.01
2019-08-12,24.43,310.83,87.06,229.01
2019-08-13,24.47,312.28,87.84,235
2019-08-14,23.96,299.11,82.73,219.62
2019-08-15,23.57,295.76,80.57,215.64
2019-08-16,24.27,302.8,80.8,219.94
2019-08-19,24.18,309.38,82.09,226.83
2019-08-20,23.84,298.99,82.26,225.86
2019-08-21,24.41,297.81,84.53,220.83
2019-08-22,24.55,296.93,85.34,222.15
2019-08-23,23.13,291.44,81.32,211.4
2019-08-26,23.34,294.98,83.08,215
2019-08-27,22.56,291.03,82.67,214.08
2019-08-28,22.95,291.77,85.17,215.59
2019-08-29,22.9,296.78,85.54,221.71
2019-08-30,22.3,293.75,84.87,225.61
2019-09-03,23.28,289.29,82.49,225.01
2019-09-04,23.89,291.52,84.53,220.68
2019-09-05,24.6,293.25,88.19,229.58
2019-09-06,24.53,290.17,88.22,227.45
2019-09-09,25.74,294.34,91.28,231.79
2019-09-10,26.46,287.99,94.01,235.54
2019-09-11,27.4,288.27,95.05,247.1
2019-09-12,28.05,288.86,96.61,245.87
2019-09-13,28.56,294.15,98.28,245.2
2019-09-16,28.4,294.29,96.4,242.81
2019-09-17,28.79,298.6,95.26,244.79
2019-09-18,28.4,291.56,93.42,243.49
2019-09-19,27.69,286.6,91.34,246.6
2019-09-20,27.01,270.75,91.3,240.62
2019-09-23,27.8,265.92,91.78,241.23
2019-09-24,27.06,254.59,90.84,223.21
2019-09-25,27.99,264.75,92.02,228.7
2019-09-26,27.95,263.31,90.83,242.56
2019-09-27,27.495,263.08,91.88,242.13
2019-09-30,27.76,267.62,92.63,240.87
2019-10-01,28.59,269.58,90.88,244.69
2019-10-02,28.295,268.03,88.6,243.13
2019-10-03,28.76,268.15,89.19,233.03
2019-10-04,28.795,272.79,88.06,231.43
2019-10-07,28.98,274.46,89.02,237.72
2019-10-08,30.33,270.72,86.63,240.05
2019-10-09,30.495,267.53,88.51,244.53
2019-10-10,30.155,280.48,88.03,244.74
2019-10-11,30.855,282.93,91.88,247.89
2019-10-14,31.18,285.53,90.26,256.96
2019-10-15,31.625,284.25,91.04,257.89
2019-10-16,31.675,286.28,91.4,259.75
2019-10-17,32.74,293.35,91.58,261.97
2019-10-18,32.79,275.3,88.49,256.95
2019-10-21,32.85,278.05,89.57,253.5
2019-10-22,33.07,266.69,90.96,255.58
2019-10-23,33.32,271.27,92.43,254.68
2019-10-24,33.31,271.5,97.67,299.68
2019-10-25,33.7,276.82,98.55,328.13
2019-10-28,34.33,281.86,129.72,327.71
2019-10-29,33.325,281.21,126.8,316.22
2019-10-30,38.53,291.45,123.89,315.01
2019-10-31,34.99,287.41,124.51,314.92
2019-11-01,36.02,286.81,127,313.31
2019-11-04,35.78,292.86,127.64,317.47
2019-11-05,35.42,288.03,124.3,317.22
2019-11-06,35.07,288.59,124.69,326.58
2019-11-07,35.52,289.57,125,335.54
2019-11-08,35.56,291.57,125.67,337.14
2019-11-11,35.5,294.18,125.57,345.09
2019-11-12,35.38,292.01,124.15,349.93
2019-11-13,35.51,283.11,122.56,346.11
2019-11-14,36.08,289.62,123.01,349.35
2019-11-15,36.66,295.03,125.08,352.17
2019-11-18,35.47,302.57,124.58,349.99
2019-11-19,34.8,302.6,123.5,359.52
2019-11-20,34.73,305.16,123.33,352.22
2019-11-21,34.41,311.69,126.5,354.83
2019-11-22,34.21,310.48,125.51,333.04
2019-11-25,35.06,315.55,133.25,336.34
2019-11-26,35.48,312.49,133.22,328.92
2019-11-27,35.285,315.93,133.52,331.29
2019-11-29,34.9,314.66,133.8,329.94
